kind	path
workflow	.github/workflows/py--citry--publish.yml
workflow	.github/workflows/py--citry-core--publish.yml
workflow	.github/workflows/py--pygments-citry--publish.yml
workflow	.github/workflows/py--tests-cross-browser.yml
workflow	.github/workflows/py--tests.yml
workflow	.github/workflows/repo--check.yml
workflow	.github/workflows/repo--dependabot-relock.yml
workflow	.github/workflows/repo--discord-discussion.yml
workflow	.github/workflows/repo--discord-issue.yml
workflow	.github/workflows/repo--discord-pr.yml
workflow	.github/workflows/repo--discord-release.yml
workflow	.github/workflows/repo--docs-check.yml
workflow	.github/workflows/repo--docs-deploy.yml
workflow	.github/workflows/repo--docs-external-links.yml
workflow	.github/workflows/repo--docs-lighthouse.yml
workflow	.github/workflows/repo--docs-people.yml
workflow	.github/workflows/repo--docs-release.yml
workflow	.github/workflows/repo--supported-versions.yml
workflow	.github/workflows/rust--tests.yml
