baseline	scope	source_path	git_state	byte_size	sha256
DC1-20260726T101722Z-9d1a8636	workflow	.github/workflows/py--citry--publish.yml	clean	5347	f41264004f05c2e420ff9d7acbebc36128e58fe22f4d80a669d946bc431b50d6
DC1-20260726T101722Z-9d1a8636	workflow	.github/workflows/repo--docs-check.yml	 M	4592	01d3353bfabf556bfd1651558152aa242d1db34588e87933a105809a8f0312fb
DC1-20260726T101722Z-9d1a8636	workflow	.github/workflows/repo--docs-deploy.yml	clean	4146	f174b08e12706b8171eb6438c2d38b87acdc13db72dc90de6f88a1e457d8f557
DC1-20260726T101722Z-9d1a8636	workflow	.github/workflows/repo--docs-external-links.yml	clean	3775	46b04bac3e6bfe4b6d5a84d341b7dabce9b50c56a83bdeb1b3d9d73b0fa18b0e
DC1-20260726T101722Z-9d1a8636	workflow	.github/workflows/repo--docs-lighthouse.yml	clean	5439	903d8221b0e7d840a6dc140c87ec7c4d795c0d97acb2a8531c5f26ad2bd5cc57
DC1-20260726T101722Z-9d1a8636	workflow	.github/workflows/repo--docs-people.yml	clean	2086	88e5b292932bc97adab6001e42fed6ab631c2a78ed7471fdd48c67ae284f6b13
DC1-20260726T101722Z-9d1a8636	workflow	.github/workflows/repo--docs-release.yml	clean	6977	810275669f5e8488b579005e271b1dd7367510e35277f8080c6839dfdc548cba
DC1-20260726T101722Z-9d1a8636	toolchain	.python-version	clean	5	02e735b3dfe1c32833eb550b7ff8ffa17f5f2bc3fa1e7bae61a8f5a3883ce398
DC1-20260726T101722Z-9d1a8636	readme_release	CHANGELOG.md	 M	44647	c38a1067866bc9e218d2dbe6a1a138b98e08febb339bbff0eadd7dfbddc0efde
DC1-20260726T101722Z-9d1a8636	snippet	CODE_OF_CONDUCT.md	 M	3537	8653b31b6d743ec35ecbcacce2de057f65232852e1d5d869280d77927dff8146
DC1-20260726T101722Z-9d1a8636	toolchain	Cargo.lock	clean	52298	9bdf1039e5add2e487d2a883bf26c5571d31c5e4303a60bdaeeffd4d1e2b519f
DC1-20260726T101722Z-9d1a8636	toolchain	Cargo.toml	clean	3718	d8c6ce3f6e45414211f7d1ba4905e296c41517d71c482d19bf5a5ff064197611
DC1-20260726T101722Z-9d1a8636	snippet	LICENSE	clean	1062	a51e28c505b9175907eab2dc5a10acabace3d64a950f9a5ef7dd2da89f608591
DC1-20260726T101722Z-9d1a8636	readme_release	README.md	 M	17503	c72575e51099232ec9616aab5209515037602570427cfd2daccb2ef3d58762c6
DC1-20260726T101722Z-9d1a8636	toolchain	crates/citry_core_py/AGENTS.md	clean	1588	5a62aff13db49e2074314170904d5575a2bae02f6cb6775e6606a183c83d712b
DC1-20260726T101722Z-9d1a8636	toolchain	crates/citry_core_py/Cargo.toml	clean	534	51eb014ef7f2bbc53308355ccce551b92d2611a31aa7e986778b314775eb7a78
DC1-20260726T101722Z-9d1a8636	toolchain	crates/citry_core_py/README.md	clean	1815	ccff8405bc7b16d57de3edf4fd068ed7625042c5b6c71fa0166767f307cb038c
DC1-20260726T101722Z-9d1a8636	toolchain	crates/citry_core_py/src/html_transform.rs	clean	6511	657c8c9449f90d378c4b5d6765eedf9401888b3b243d449d8fd5f4ab1905ff1f
DC1-20260726T101722Z-9d1a8636	toolchain	crates/citry_core_py/src/lib.rs	 M	3177	f2fc3f6bd09c6e1848a83fae456dd9b28294821091a4d499a36b51c95f851686
DC1-20260726T101722Z-9d1a8636	toolchain	crates/citry_core_py/src/safe_eval.rs	clean	2214	5662bc0eaea7e89d3b93b5b4fc2d2ab526d9073e653c6ba340985135885e72f6
DC1-20260726T101722Z-9d1a8636	toolchain	crates/citry_core_py/src/template_parser.rs	clean	3457	6bf1f1e7719622e3327945efd063f9a5f5e932046a6c3942f9a85040a7a4ea1b
DC1-20260726T101722Z-9d1a8636	toolchain	crates/citry_html_transform/AGENTS.md	clean	1006	f3aacba22ee47425f945ba97282893e7c62578f5d4bfb30677858a83a082b6fb
DC1-20260726T101722Z-9d1a8636	toolchain	crates/citry_html_transform/Cargo.toml	clean	206	c58ebccff0e656ca17c514660a5160395015907e581af8c30f416c13152e9542
DC1-20260726T101722Z-9d1a8636	toolchain	crates/citry_html_transform/README.md	clean	3059	5f1d39c9dbcc227d1a07ea46a6886f8196da1a5467ed994dcb158fde5e7675e2
DC1-20260726T101722Z-9d1a8636	toolchain	crates/citry_html_transform/src/lib.rs	clean	504	541e99f54b340a2be630997c2526b3c62f4a2c2fe90d2c13ddb248f126b28108
DC1-20260726T101722Z-9d1a8636	toolchain	crates/citry_html_transform/src/marker.rs	clean	13351	6087bcb1f4ed5f2f43944d44321dff680f5ba30a0eb2406a2c320caf3a3834af
DC1-20260726T101722Z-9d1a8636	toolchain	crates/citry_html_transform/src/transformer.rs	clean	7124	82d4d602391cc2c2b762a8e5993246a5de673ba9ec7a8ab9cffb978efc5d46d4
DC1-20260726T101722Z-9d1a8636	toolchain	crates/citry_html_transform/tests/marker.rs	clean	8033	293a94208bcb3cf79df52ff2fed5b01e49b1d6a464b8a64cf6d83996c6f06535
DC1-20260726T101722Z-9d1a8636	toolchain	crates/citry_html_transform/tests/transformer.rs	clean	8027	37ae78048f68ae1b9326333281033709c917144e9977e7edf185a11698c77bf4
DC1-20260726T101722Z-9d1a8636	toolchain	crates/citry_template_parser/AGENTS.md	clean	3081	7218d2e4b4018bcdfbb15c6ed751c14a12a6705390c991e4f20a33b530a63ecc
DC1-20260726T101722Z-9d1a8636	toolchain	crates/citry_template_parser/Cargo.toml	 M	629	1babd18597296789236345eb64f7e1150d7c476be1d0353408cdfa1f735bf749
DC1-20260726T101722Z-9d1a8636	toolchain	crates/citry_template_parser/README.md	clean	7616	440ad14bcb6cd91efbe1eb0233e8bd6fef9008ea786ec2e4e4b16131a073f955
DC1-20260726T101722Z-9d1a8636	toolchain	crates/citry_template_parser/docs/agent/INDEX.md	 M	9799	69986613d3106f2d8c22e9f9a659bf2fbcbca3f1dae12f987d85a8d55b72ae50
DC1-20260726T101722Z-9d1a8636	toolchain	crates/citry_template_parser/src/ast.rs	 M	30138	3a2c3b9ff8b8b94da128db5f5115910a779b78849109830e8fd4623d133b0ca9
DC1-20260726T101722Z-9d1a8636	toolchain	crates/citry_template_parser/src/compiler.rs	 M	86613	9fbc8ecc460756f80359a2a7cc2f0cb72520f63248073c318d2a89f4c07ac124
DC1-20260726T101722Z-9d1a8636	toolchain	crates/citry_template_parser/src/constants.rs	 M	13401	68b69f18a3fbeb73d7ff39dfaa92cdb72a56bfaf070bf3e2ce8405537ddb3920
DC1-20260726T101722Z-9d1a8636	toolchain	crates/citry_template_parser/src/error.rs	clean	1610	12ea382b93a8af1b1a71a607bbdfaca6e1b08feb4544817861403b3c81e0f74a
DC1-20260726T101722Z-9d1a8636	toolchain	crates/citry_template_parser/src/grammar.pest	 M	14540	ba7bbfe11c159893905a25a3609ae7d3651cf7cff46c275eec0906f4f6fe385b
DC1-20260726T101722Z-9d1a8636	toolchain	crates/citry_template_parser/src/grammar.rs	clean	98	93a0be67e77ab52b765c0ca0579018494aff36a98c7f78da845c6f0075dc4282
DC1-20260726T101722Z-9d1a8636	toolchain	crates/citry_template_parser/src/lang/go.rs	clean	11385	57f301dbddf24579c90821c21167c02f425fba2c39cc9cfcc70b8bf50bc08de3
DC1-20260726T101722Z-9d1a8636	toolchain	crates/citry_template_parser/src/lang/js.rs	clean	8155	125399e06bd772a373278a102e949b1a1895962f9215188ed8b808e65599558c
DC1-20260726T101722Z-9d1a8636	toolchain	crates/citry_template_parser/src/lang/lang.rs	clean	8658	0564c40e6cfa8ad6a8352aa6f5e7e15faa1fdb435779cbdf315dcd7768f3635c
DC1-20260726T101722Z-9d1a8636	toolchain	crates/citry_template_parser/src/lang/php.rs	clean	7111	1833c5352e72d6a9a1fce0a2436ff2d3d42f1a2d1d58664ea71129fbc7c37866
DC1-20260726T101722Z-9d1a8636	toolchain	crates/citry_template_parser/src/lang/python.rs	clean	15298	74f2bad3a3b0f7a04515a072bc1e01aa82698d353a80eeb7f2290c48fcb3227f
DC1-20260726T101722Z-9d1a8636	toolchain	crates/citry_template_parser/src/lang/rust.rs	clean	13584	2202c129284f6534b6a8436caa53a313049d49769eee8e2b437a93a138e2ab12
DC1-20260726T101722Z-9d1a8636	toolchain	crates/citry_template_parser/src/lib.rs	 M	1469	1f16c4e2cfce682d37273754e6d2b051ed440c9026eb5e5ea5919292deaa85a6
DC1-20260726T101722Z-9d1a8636	toolchain	crates/citry_template_parser/src/parser.rs	 M	148210	88860e8b3bdf502afd367ba7374c7fe8f9f4142642557219d2d02b6e12437701
DC1-20260726T101722Z-9d1a8636	toolchain	crates/citry_template_parser/src/parser_context.rs	 M	15973	b7379c245e6bf505982d148a873b02f227090537016c8cc8ecfff5146b81fc89
DC1-20260726T101722Z-9d1a8636	toolchain	crates/citry_template_parser/src/utils/pest.rs	clean	781	e3a142b37ab9bb103bd1b4bc80eb0b2e0d1dc4a14ede38813e2ffcfc022ea03d
DC1-20260726T101722Z-9d1a8636	toolchain	crates/citry_template_parser/src/utils/template_fragment.rs	untracked	1689	ba711b966bf384f2f0e129b7a271450be953b9120bd931dd1772c1eb84f18e94
DC1-20260726T101722Z-9d1a8636	toolchain	crates/citry_template_parser/tests/common/mod.rs	 M	14276	ebab43a82c0924be447016723b8d799945b0a0d60b774fd5d82a4d233b013a0d
DC1-20260726T101722Z-9d1a8636	toolchain	crates/citry_template_parser/tests/tag_compiler.rs	 M	29107	4f30fdc8cb42d54b2f132db3e42354b28346ce6e025b794dd0641452e3e391e0
DC1-20260726T101722Z-9d1a8636	toolchain	crates/citry_template_parser/tests/tag_compiler_client_directives.rs	clean	2846	58f81c50968e78a103fe033a4b9bba82e96b6809a4936f19c39e9ca27de8f2a1
DC1-20260726T101722Z-9d1a8636	toolchain	crates/citry_template_parser/tests/tag_compiler_dynamic.rs	 M	12348	aa40aec4820185306a935827d4f924b532131901ee24feb5c4fca5655037976f
DC1-20260726T101722Z-9d1a8636	toolchain	crates/citry_template_parser/tests/tag_compiler_meta_attrs.rs	untracked	8316	98b46e8683717d9e20236bef796a98c85cd60c1967984b89282cdb571b566975
DC1-20260726T101722Z-9d1a8636	toolchain	crates/citry_template_parser/tests/tag_parser_boolean_attrs.rs	clean	5290	1d9e8740145c69589ea3484fbaade55f713289b53855c85118c24d93a29edcef
DC1-20260726T101722Z-9d1a8636	toolchain	crates/citry_template_parser/tests/tag_parser_boundary_handlers.rs	 M	3118	89f17edbbafc61cf228153987b3c3303f79d810101093b39263cb9babcb56d75
DC1-20260726T101722Z-9d1a8636	toolchain	crates/citry_template_parser/tests/tag_parser_client_directives.rs	 M	7781	93a49a798c88fbd8964218960a77f54b7cc2905424e38bf74bdf0400a1483e84
DC1-20260726T101722Z-9d1a8636	toolchain	crates/citry_template_parser/tests/tag_parser_comments.rs	clean	21286	600c50bb7dcbd55e6e61aef87d0e56e63aa4f119b2caef2daf05ad2b13f2df49
DC1-20260726T101722Z-9d1a8636	toolchain	crates/citry_template_parser/tests/tag_parser_composition.rs	clean	2850	1ea019087407682dd0ebd0ce2eb34fbf9e539bf97515bc69a96a774a9f52b544
DC1-20260726T101722Z-9d1a8636	toolchain	crates/citry_template_parser/tests/tag_parser_control_flow_for.rs	clean	20437	7c251ae6f288063613ac52f1767ab38d20af0b652b927941b82fdbf622b0ad90
DC1-20260726T101722Z-9d1a8636	toolchain	crates/citry_template_parser/tests/tag_parser_control_flow_if.rs	clean	30395	5acdbb76fa5d226544d03a44b7efbc2580e83e5742458f3f982dc7337370069b
DC1-20260726T101722Z-9d1a8636	toolchain	crates/citry_template_parser/tests/tag_parser_control_flow_shorthand_errors.rs	clean	2666	4683a6a3c1cbc5f86dde27490fed49149ff2eccaa334c27f6ff7081a8e12d6e7
DC1-20260726T101722Z-9d1a8636	toolchain	crates/citry_template_parser/tests/tag_parser_dynamic_attrs.rs	clean	8481	993fc0caae568756e307d838a8752ecf9cc2769055657c6d1ad25c58e661cb52
DC1-20260726T101722Z-9d1a8636	toolchain	crates/citry_template_parser/tests/tag_parser_expressions.rs	clean	6976	1a0ace619bd906ef7aa4478436bdf0d340fd40b0a1f2666ab5f0824eebf01a24
DC1-20260726T101722Z-9d1a8636	toolchain	crates/citry_template_parser/tests/tag_parser_fills.rs	 M	47776	531349baaff903246bcdfa925351f30a982e795c923ac92bfb2f096838fba0dc
DC1-20260726T101722Z-9d1a8636	toolchain	crates/citry_template_parser/tests/tag_parser_html.rs	clean	5604	ef8746421210dc3a9c1e22fe878dd150eae82f1d667080cee3c6c72b705ea69c
DC1-20260726T101722Z-9d1a8636	toolchain	crates/citry_template_parser/tests/tag_parser_kwargs.rs	clean	6917	5410912ab84b829a5ab657e4c5983b875fb7d966d0cff0b3967719853eb7409a
DC1-20260726T101722Z-9d1a8636	toolchain	crates/citry_template_parser/tests/tag_parser_meta_attrs.rs	untracked	10941	597bceb5fa4a008712acf3414a71ce88ba71b02edf76867d91306866fb54a07f
DC1-20260726T101722Z-9d1a8636	toolchain	crates/citry_template_parser/tests/tag_parser_nested_diagnostics.rs	clean	6891	59ca6205fb8609ba91776884fa3b524220f99f6d9776410526e63c250aa8b7fd
DC1-20260726T101722Z-9d1a8636	toolchain	crates/citry_template_parser/tests/tag_parser_nested_templates.rs	clean	20363	7c08628225ae8cbbcc5b274e6c424a6a81c819ae169acdcf63a0957de6fada9f
DC1-20260726T101722Z-9d1a8636	toolchain	crates/citry_template_parser/tests/tag_parser_raw.rs	clean	2937	d43320296c2bcce2a507337a718a4775d5ba759b868c5d0a2e0709a1be8bcd33
DC1-20260726T101722Z-9d1a8636	toolchain	crates/citry_template_parser/tests/tag_parser_spreads.rs	clean	9229	67b3f608ffee3905b4b9bafc292cbe1dfdf6201a801599ee6959ecac0c0b89cf
DC1-20260726T101722Z-9d1a8636	toolchain	crates/citry_template_parser/tests/tag_parser_structure.rs	clean	5306	428cf4b8ee45eaf0331a3c573a9da3a8548f5c1df8384376c02e8221b5e6eb83
DC1-20260726T101722Z-9d1a8636	toolchain	crates/citry_template_parser/tests/tag_parser_user_rules.rs	 M	23702	217026bffb23d6ab22f60bb649b653ca9c241b3eeb7f3286fd0fa8b2540dedfc
DC1-20260726T101722Z-9d1a8636	toolchain	crates/citry_template_parser/tests/tag_parser_variable_scopes.rs	clean	3858	485ab7d0beb333564dd32c392ab5d01d2500acae0a259f80d768a23b57a55829
DC1-20260726T101722Z-9d1a8636	toolchain	crates/python_safe_eval/AGENTS.md	clean	1662	01aa42e50a734109315869f54d0096d5ef5ccc9b9e5b0a4c5992c6bc1c8b9bac
DC1-20260726T101722Z-9d1a8636	toolchain	crates/python_safe_eval/Cargo.toml	clean	469	a9af4998b04c3ebc51657cbc095b75360fc995fd31bdd4f2dd20107501c86151
DC1-20260726T101722Z-9d1a8636	toolchain	crates/python_safe_eval/README.md	clean	18903	5d664011230e6e3465e280813d4f8b9f338bb1aea6de34f731cf7dc9cd64c4f5
DC1-20260726T101722Z-9d1a8636	toolchain	crates/python_safe_eval/src/codegen.rs	clean	380	c0b8130ff95e911199373dafbd961cc279f7ac9200f9af2b88216203b574c56c
DC1-20260726T101722Z-9d1a8636	toolchain	crates/python_safe_eval/src/comments.rs	clean	6332	7732c6260743fd7f188e0d2a327867647d1582c04b648f702ccbe5d6c6268615
DC1-20260726T101722Z-9d1a8636	toolchain	crates/python_safe_eval/src/lib.rs	clean	2865	f0583cd6d77e58dfee87eabf9059dfb133c412f5fbc9f8edf2b89275b6fa435b
DC1-20260726T101722Z-9d1a8636	toolchain	crates/python_safe_eval/src/transformer.rs	clean	72794	017cf2495dfcd6623729e56b4528eb39554441116df75a0be10e4e74d234d53a
DC1-20260726T101722Z-9d1a8636	toolchain	crates/python_safe_eval/src/utils/python_ast.rs	clean	4603	437e71085efce1b41c071333f7c2c06f6c44217d3d7602dd487244619086c6ab
DC1-20260726T101722Z-9d1a8636	toolchain	crates/python_safe_eval/tests/codegen.rs	clean	1161	573b043a6e1bbce0a4ac2efb47486a1ae3a034525a6540e7c66a9c1ed112f157
DC1-20260726T101722Z-9d1a8636	toolchain	crates/python_safe_eval/tests/comments.rs	clean	7118	35c22b3a30642f6b35ab5ee9af3dab821942c64eab98a3c8575604a8edbf02f5
DC1-20260726T101722Z-9d1a8636	toolchain	crates/python_safe_eval/tests/transformer.rs	clean	92767	e5826531d81e2df6cfb2e0c058784118a3774667fe9bf38b29b13d4cce48bd6c
DC1-20260726T101722Z-9d1a8636	research_control	docs/design/docs_content.md	untracked	47375	f6d17058392b0550ddbbbfabcd82751bfde6cc677b0373b7cf0482cc908048c4
DC1-20260726T101722Z-9d1a8636	research_control	docs/design/docs_content_research/README.md	untracked	19006	127c48c0bef1374f40da155f3459c257bb2dfcb21435e38f8e040373b7e7bc59
DC1-20260726T101722Z-9d1a8636	research_control	docs/design/docs_content_research/baseline.md	untracked	5967	f147c5da7f29c688c347135860bf5f9fd7d9e5b8be18f747fb401c081220b1af
DC1-20260726T101722Z-9d1a8636	research_control	docs/design/docs_content_research/content_inventory.tsv	untracked	64516	83c9522d8da1941cbaf6fb17bad38c0758aefa53c67dda56480f3167bfd46a7c
DC1-20260726T101722Z-9d1a8636	research_control	docs/design/docs_content_research/fact_ledger.tsv	untracked	10722	ceac457b9010bbd46977bc2f1c059b9c9e0a698a6d8d95f7c37edaf181b5e1bc
DC1-20260726T101722Z-9d1a8636	research_control	docs/design/docs_content_research/getting_started_journey.md	untracked	38307	8fdfaf04028894df7285d265e35fbc6b11eacea9058c7ffeaf7e497e60b63140
DC1-20260726T101722Z-9d1a8636	research_control	docs/design/docs_content_research/reader_evidence.tsv	untracked	24993	5d257b50e2786f4833c01e9187175c8b0924b061227c947c5e221d48e0bedb55
DC1-20260726T101722Z-9d1a8636	research_control	docs/design/docs_content_research/reader_jobs.md	untracked	14401	a6100ada5736647480c204ca0f4ffa013d6456150e56253a6e8272df0bce2e22
DC1-20260726T101722Z-9d1a8636	research_control	docs/design/docs_content_research/reader_jobs.tsv	untracked	18740	914b6f52bce5ea070218fccf899e8496c67a02a5bf12477351fd2410832d90af
DC1-20260726T101722Z-9d1a8636	research_control	docs/design/docs_content_research/stage2_baseline.md	untracked	4346	6af17837f51b4ce88ecaec17af0401de7461b2fd011ad1057ae295bda5e51bad
DC1-20260726T101722Z-9d1a8636	research_control	docs/design/docs_content_research/stage3_pilot.md	untracked	12325	e8e687bab2a2d1e6b26a515f806df149765a9bc1a0307936c05494d1182c16fe
DC1-20260726T101722Z-9d1a8636	research_control	docs/design/docs_content_research/test_validate.py	untracked	22129	56b0ac723126f92f986a0f80d0959d554e89f077b05e8f3393c1886a85cec530
DC1-20260726T101722Z-9d1a8636	research_control	docs/design/docs_content_research/validate.py	untracked	48399	fbea28d38e963dfe40bcb33a0f6e89bace49356c42179d5445ed7cd19ac61bf5
DC1-20260726T101722Z-9d1a8636	research_control	docs/design/docs_site.md	untracked	55773	b2538179a41533f468776aa6bcb285a8d1c2220c39e2d479307c13b8ce6dc3dc
DC1-20260726T101722Z-9d1a8636	generated_surface	docs_site/README.md	clean	10513	5b3b9e057244b487224b97d44fd5e82ea7aba424fc1e5bea6e4e7bccc602a5e9
DC1-20260726T101722Z-9d1a8636	generated_surface	docs_site/__init__.py	clean	518	702b18c7392364e6322c40873d5ffc54b268a2a857af503f1cf3ddf973624e53
DC1-20260726T101722Z-9d1a8636	generated_surface	docs_site/__main__.py	clean	139	0b79a1c886c20433699ea086cd16e51f8e2837a96ea35d2563ad7204127c7842
DC1-20260726T101722Z-9d1a8636	generated_surface	docs_site/_internal/__init__.py	clean	62	23103c8883b3fac135eb4dd28d9e7f59fb24e6fd44de4e617f99b03b379c9a0e
DC1-20260726T101722Z-9d1a8636	generated_surface	docs_site/_internal/_vendor/LICENSE-mike.txt	clean	1861	8a0406b3e73e852f1fba3570e8473a8b7e6c686d543153dddd020d86688ad759
DC1-20260726T101722Z-9d1a8636	generated_surface	docs_site/_internal/_vendor/__init__.py	clean	233	3344d50dd23d711922dbb09750ba78aabccf30bb5b9f125fc09620e5254a825c
DC1-20260726T101722Z-9d1a8636	generated_surface	docs_site/_internal/_vendor/mike_redirect.html	clean	378	45f3851115b5429de0431e7193aa6e6b38d3df69feb599e05a216dcd3e16668b
DC1-20260726T101722Z-9d1a8636	generated_surface	docs_site/_internal/_vendor/mike_versions.py	clean	9870	3dc56c74c2c766e4c96378dce45a9ad443d44132d6a99ac2ad8476dbaea04112
DC1-20260726T101722Z-9d1a8636	generated_surface	docs_site/_internal/annotation.py	clean	3937	dc63801809065a49e5a2434c6471db3fa5da5605dd12505c2a6de0e108c50abc
DC1-20260726T101722Z-9d1a8636	generated_surface	docs_site/_internal/assemble.py	clean	9717	bbc819f66371b01eb19f55e13e451dd5a502cf924fa127d53b5495a17bf3ab90
DC1-20260726T101722Z-9d1a8636	generated_surface	docs_site/_internal/base_path.py	clean	2804	cc7f68d2684129ce5d061db30979e23a6d6f556de78bd6c54e620b60d46c5914
DC1-20260726T101722Z-9d1a8636	generated_surface	docs_site/_internal/bootstrap.py	clean	8405	3ceb7ba0d97b35bb6f426d661fab4f3c779ef0509205344ea0c8486efca938a8
DC1-20260726T101722Z-9d1a8636	generated_surface	docs_site/_internal/build.py	 M	23295	6e52b14978f651f8dcd1980fe88edfae5516e28f5a8c654545767d985f73dca8
DC1-20260726T101722Z-9d1a8636	generated_surface	docs_site/_internal/cli.py	clean	17220	a0f70020cee5be985edcafb7292f28c283179e1a3e6be821203d34158de0e0e7
DC1-20260726T101722Z-9d1a8636	generated_surface	docs_site/_internal/components/__init__.py	clean	73	f20a6ec50ac8dddf71d98f6a7f72e8b02833136469927a28d3b193774bb19edf
DC1-20260726T101722Z-9d1a8636	generated_surface	docs_site/_internal/components/builtin.py	clean	1180	d1fc19bae7b427fb32ec22b3f9d8899d2bb5854497c970ba334d35303c2ed48e
DC1-20260726T101722Z-9d1a8636	generated_surface	docs_site/_internal/components/doc_page.py	clean	46274	00418f909639aa125d11c4030276153fa0cd6f473470602386a0a942d686fd82
DC1-20260726T101722Z-9d1a8636	generated_surface	docs_site/_internal/components/docstring.py	clean	1297	95724993709d67ee40b7919e846bdd4481f201db6dec02eeea4de32b6f8e5499
DC1-20260726T101722Z-9d1a8636	generated_surface	docs_site/_internal/components/example_card.py	 M	6381	206f474db77200eabefe37908c56a2ea3f8dce049c6a3ea85b1085d45470f046
DC1-20260726T101722Z-9d1a8636	generated_surface	docs_site/_internal/components/image.py	clean	1297	d987e7c36cb4fe6a792d9aa59cdd5fa9e29451c66afbffc9ffa803e9adcf3b43
DC1-20260726T101722Z-9d1a8636	generated_surface	docs_site/_internal/components/include_file.py	clean	1680	0ab527e4a01fd9dd441e053cd7c599dd896942b76703306b402c837198ed7fe9
DC1-20260726T101722Z-9d1a8636	generated_surface	docs_site/_internal/components/og_card.py	clean	4778	db9bbf435fc28a16f901f1eddeb713d6c4a2b96d613abf0c2bcd275b85befed5
DC1-20260726T101722Z-9d1a8636	generated_surface	docs_site/_internal/components/people.py	clean	1775	5e12e38b825aa213a44e1d05dc93232d8c4e332e308d6594c473ebd7c04e1432
DC1-20260726T101722Z-9d1a8636	reference	docs_site/_internal/components/reference_symbol.py	clean	4807	ff92f911d241726daf091b0af2f9943597573accaa4cd83735804119b311afcc
DC1-20260726T101722Z-9d1a8636	generated_surface	docs_site/_internal/components/search_modal.py	clean	5556	0c8ff00cacf489418ad21eba36ed94ba3349199828819f68797cf2dd8db509e9
DC1-20260726T101722Z-9d1a8636	generated_surface	docs_site/_internal/components/user_grid.py	clean	1562	f1597480c37cfaeec23b801dc290e7e94bc4257b6bb2429c0daa34523618b82a
DC1-20260726T101722Z-9d1a8636	generated_surface	docs_site/_internal/components/version_picker.py	clean	1938	e3848848504acca19cdd2bc3a42150733046c3f1c18566b7507defdbaa48c599
DC1-20260726T101722Z-9d1a8636	generated_surface	docs_site/_internal/config.py	clean	3736	777e96738828ff65a8069e5fbf7b8c2fd3e349a9839d3318b542d4904a6d063a
DC1-20260726T101722Z-9d1a8636	reference	docs_site/_internal/crossrefs.py	clean	7941	bec8225255b6ee88514b5303a62ee90e0809e9b10120db3d2609d7bdae7b35f2
DC1-20260726T101722Z-9d1a8636	generated_surface	docs_site/_internal/examples.py	 M	5050	b2e055e8e36f2226c27fc54326e1a1e809f45fcf983ed332b32dc3a1fbab4790
DC1-20260726T101722Z-9d1a8636	generated_surface	docs_site/_internal/fence_protection.py	clean	4567	2519d06b814177dc3ff9838afc1cfb52f2b7ffe5ae3639292e907ef319baa485
DC1-20260726T101722Z-9d1a8636	generated_surface	docs_site/_internal/frontmatter.py	clean	7359	ad4303f3f494ea8915507eb33223f058b61357c80f42b322dd5b9d79949b310b
DC1-20260726T101722Z-9d1a8636	generated_surface	docs_site/_internal/git_metadata.py	clean	5026	7ae44f80fa5d51df41261145e8a4f715ef37bb3dbaf07b3907227b762bc36da3
DC1-20260726T101722Z-9d1a8636	generated_surface	docs_site/_internal/guards/__init__.py	clean	6078	8528fa3ef1abeb81a0dc779994adb555991c7e14279bcd90f42a575692ebe67c
DC1-20260726T101722Z-9d1a8636	generated_surface	docs_site/_internal/guards/alt_text.py	clean	1052	3d019b501ef6320ff39c26628fabb1aeb8935dc79fe3304d128b027dbddb1c94
DC1-20260726T101722Z-9d1a8636	generated_surface	docs_site/_internal/guards/anchor.py	clean	1759	3940abae781ab9f37874f794649d7d7a1f32b0cce4f6c0f41b91a29debd26754
DC1-20260726T101722Z-9d1a8636	generated_surface	docs_site/_internal/guards/api_symbols.py	clean	2607	07b4df09664d107fd38b951936a50599ee3f69c94c8935c39df0c21c5ff7dcd7
DC1-20260726T101722Z-9d1a8636	generated_surface	docs_site/_internal/guards/asset.py	clean	3027	6d38f0a6acc2a6276c26b1d0ed5575f778b9063529808b26cc491976e5e4235f
DC1-20260726T101722Z-9d1a8636	generated_surface	docs_site/_internal/guards/base.py	clean	2936	17c427453241e658020c32627201d1d49b994266db9ad58c37ee28a88be4804f
DC1-20260726T101722Z-9d1a8636	generated_surface	docs_site/_internal/guards/code_lang.py	clean	1255	cb932ade31427844e00306d9197f3e98ba2d698ab51a66287c690a7d11c9b6af
DC1-20260726T101722Z-9d1a8636	generated_surface	docs_site/_internal/guards/component_fence.py	clean	3036	7a916a4a4f8b601687933cecfe2b181bedc0c73120dce819b92f83a03b3e67f6
DC1-20260726T101722Z-9d1a8636	generated_surface	docs_site/_internal/guards/cross_version_link.py	clean	3654	cb4e4f85353072bf4bc8214f37313869e0948927a0a333fbe24fbebd0b889479
DC1-20260726T101722Z-9d1a8636	generated_surface	docs_site/_internal/guards/example_contract.py	clean	3538	b0eaf108a34e76c409c3a7c3f946d853dd33577ada96e09f66e38ca0a90f06db
DC1-20260726T101722Z-9d1a8636	generated_surface	docs_site/_internal/guards/fence_validator.py	clean	3969	cddb7ad5eb1f6fb2758c6db11a73498e7289f3779f7ee672d05e9445e183810f
DC1-20260726T101722Z-9d1a8636	generated_surface	docs_site/_internal/guards/frontmatter.py	clean	3646	6eac15a8825d8a333294f1306d9d5d0ff53ba8491e1580e9f9c13c22b118e722
DC1-20260726T101722Z-9d1a8636	generated_surface	docs_site/_internal/guards/headings.py	clean	1245	db0dfeb2d2cd8aaaa02a91dcb1510bc5a1e46c392bdb4c15682f908e47f348b6
DC1-20260726T101722Z-9d1a8636	generated_surface	docs_site/_internal/guards/html_wellformed.py	clean	1256	09498ae9f4a66abd3b92d6b8a43da7387183ff70e8130012d6122a50e1e80638
DC1-20260726T101722Z-9d1a8636	generated_surface	docs_site/_internal/guards/internal_link.py	clean	1628	83f55655835701a7bdc82523aa6bac7c1789cfe0e53911ba69ac90430a73c261
DC1-20260726T101722Z-9d1a8636	generated_surface	docs_site/_internal/guards/json_ld.py	clean	2643	3e1305b2afa323442013fde64a5f2b4ed7e13cd11c72390d336278c5950b4746
DC1-20260726T101722Z-9d1a8636	generated_surface	docs_site/_internal/guards/lexer_alias.py	clean	1707	5565f91a24b965901dc423729dc01875885515885c1f5bf21961abb8595d3a80
DC1-20260726T101722Z-9d1a8636	generated_surface	docs_site/_internal/guards/nav.py	clean	2673	2a515fad72fdd51d231045ec2b47d5320974412d2d9f896e7385324fa2bc9a0d
DC1-20260726T101722Z-9d1a8636	generated_surface	docs_site/_internal/guards/redirect_target.py	clean	1615	3ef22d6da0db18fc54007076f17151f039b1f188b2de2caa53fdc1d4aa71da2f
DC1-20260726T101722Z-9d1a8636	generated_surface	docs_site/_internal/guards/single_h1.py	clean	992	17db4e903eee6ce3fd3104766cab08bc9cf35fbf7fdcc691570ad20e36730b0d
DC1-20260726T101722Z-9d1a8636	generated_surface	docs_site/_internal/guards/site_index.py	clean	10040	481e21651f2489543532b4c1d95ae301a902a72ff97abaa0679a49fa26f8f8ea
DC1-20260726T101722Z-9d1a8636	generated_surface	docs_site/_internal/guards/snippet_path.py	clean	2986	b6e1eb6964eb596909be8a0458ebfb4b9123de5e9b0269681df60b67767a8a2f
DC1-20260726T101722Z-9d1a8636	generated_surface	docs_site/_internal/guards/versions_manifest.py	clean	6533	06d5203414f4c261ee7fd665c0ef3b8cb47597880251bb5fbee432fdbffaeb32
DC1-20260726T101722Z-9d1a8636	generated_surface	docs_site/_internal/inventory.py	clean	3707	5fb9578aa64c51d62e8d9906a1fd338ed5380e9ca266236d249b1f556e740625
DC1-20260726T101722Z-9d1a8636	generated_surface	docs_site/_internal/links.py	clean	6878	367f59bfcb0f17c9156df90f31b6414e71c071fc68dca26678141ee982484a48
DC1-20260726T101722Z-9d1a8636	generated_surface	docs_site/_internal/llms.py	clean	4767	455e112d75cdfe24b6e7d00b0ba6723977f46a82a36bd58bc67613a070ce0888
DC1-20260726T101722Z-9d1a8636	generated_surface	docs_site/_internal/minify.py	clean	2806	eb0ff9259e2a4775807de7b562851d09f08d8fa561a3f8820a27efd31c6217ca
DC1-20260726T101722Z-9d1a8636	generated_surface	docs_site/_internal/nav.py	clean	5470	17d02f435b2d163479f6d19f6a833db1b21101ad15c124efefed90c42444a63b
DC1-20260726T101722Z-9d1a8636	generated_surface	docs_site/_internal/pagefind.py	clean	2879	41372eecd70771f2c6225d1ae4e0efb78febef5714da8f36b5c9742b16c183dd
DC1-20260726T101722Z-9d1a8636	generated_surface	docs_site/_internal/paths.py	clean	2376	2502b2534a99572a9b6ec90aca07350d5f2890da26e90181176552c39c5a8f32
DC1-20260726T101722Z-9d1a8636	generated_surface	docs_site/_internal/pipeline.py	 M	14498	af86203c9f4621a3db2e27f9356d1d6a501404c685daf5f8bdaebc73f3496868
DC1-20260726T101722Z-9d1a8636	generated_surface	docs_site/_internal/redirects.py	 M	2505	d8e82ecb1d6c25fdd4540c6694aadd8d1d809786c254fc3cd9da5b2e2c68d824
DC1-20260726T101722Z-9d1a8636	reference	docs_site/_internal/reference.py	clean	16044	0cb91d4a16e48b6fc6fde8ec72fd66444e7d82ca43423de9cd8c57f35124d3f9
DC1-20260726T101722Z-9d1a8636	reference	docs_site/_internal/reference_pages.py	clean	10621	c101b2dcd4f1c8f0e4cfbd4628724c608626044d52dbe5c9a4ac8f4449107435
DC1-20260726T101722Z-9d1a8636	generated_surface	docs_site/_internal/release_notes.py	clean	9945	cba8c657363c0bc786acdefb34687b7564d9aad3987c80f21f9e7a17b988aa5e
DC1-20260726T101722Z-9d1a8636	generated_surface	docs_site/_internal/seo.py	clean	8295	acbb37cfcc3654b7af58e342eafb5a552880d2f639ea55973bea5ccbf4e5eb90
DC1-20260726T101722Z-9d1a8636	generated_surface	docs_site/_internal/serve.py	clean	8477	a1e42cb9177bb288e4dcc439baaa5614dc514373ba15ee388458f442cdc0d84b
DC1-20260726T101722Z-9d1a8636	generated_surface	docs_site/_internal/social_cards.py	clean	8314	261cba3918f8e8f13883cbc9eaf2a5b66df22db3dc6f8a1ab6425cc20a5450fb
DC1-20260726T101722Z-9d1a8636	generated_surface	docs_site/_internal/static_deps.py	clean	4113	424d36b7f21603c39db7b3b7febaadebfa9ca5d0fe6103527bbea52c79015ebe
DC1-20260726T101722Z-9d1a8636	generated_surface	docs_site/_internal/toc.py	clean	5243	f44fe1de0158489a829bb5285275cfe01091e8929edab75719c49176cb633166
DC1-20260726T101722Z-9d1a8636	generated_surface	docs_site/_internal/util.py	clean	855	2df5ed1c825d4f47c5dd5e3e521875466781c7b0698d336292a08308a1f199c3
DC1-20260726T101722Z-9d1a8636	generated_surface	docs_site/_internal/versioning.py	clean	9415	ab2c24bbc6e73e01bbda7782470b8975fd0bdd2b057207804c7791c204e07bad
DC1-20260726T101722Z-9d1a8636	content	docs_site/content/_nav.yml	AM	4544	4ad64b7ec488f98507c8ffa8b8fe617fd64a4567f7db541143c4f954b662c27d
DC1-20260726T101722Z-9d1a8636	content	docs_site/content/about/benchmarks.md	untracked	2950	6eb6af96876bce093df78c26915aa2a33e78a681ed13092475444a8ade223c6d
DC1-20260726T101722Z-9d1a8636	content	docs_site/content/about/compatibility.md	A 	2378	340524fd7defd2ad945553ebe3f01d69d1972a1fcf056d6d10e663a9fe6bcdd6
DC1-20260726T101722Z-9d1a8636	content	docs_site/content/advanced/alpine-runtime.md	untracked	5490	ac4c3892b08758bb3dbdd4e89b3096d7a3a08561fda716036e27080cd229e18a
DC1-20260726T101722Z-9d1a8636	content	docs_site/content/advanced/caching.md	untracked	12432	052dbeef7ec0f243115ec7b42ab8e27025982341c44687d870f09a64f26ebf70
DC1-20260726T101722Z-9d1a8636	content	docs_site/content/advanced/dynamic-components.md	untracked	5915	35f01e38ef6d82b3f54576c60a0261ff479d4482113b0ff7c8035b61c28a8e48
DC1-20260726T101722Z-9d1a8636	content	docs_site/content/advanced/extensions.md	untracked	14182	e51b2e0d79d1638f9f688de3551331385039707d67b3c5bb330547ae40e20161
DC1-20260726T101722Z-9d1a8636	content	docs_site/content/advanced/hooks.md	untracked	9168	95862e24346dfe1014e12bdb3485324f03067b0e31092e22056d6ad7c1d9b70c
DC1-20260726T101722Z-9d1a8636	content	docs_site/content/advanced/html-fragments.md	untracked	5896	66682cd604cf1748cb48b2013b3680c012634a367fb6f2f85f48027aee1e54aa
DC1-20260726T101722Z-9d1a8636	content	docs_site/content/advanced/js-and-css-dependencies.md	untracked	13978	562e5afb1e5aa3fc3a99ea7333edb461a39d09f87a63609b7e6a7f842acffadd
DC1-20260726T101722Z-9d1a8636	content	docs_site/content/advanced/performance.md	untracked	5670	af41c770341421b55a070ab11cee049bcbcfadc264483d80e6ccddb88ad0bf37
DC1-20260726T101722Z-9d1a8636	content	docs_site/content/advanced/share-components.md	untracked	9995	7d2c330b193ce9c345f0d390e15fd2290d6625a0e8679727c89ffa4321efbd8a
DC1-20260726T101722Z-9d1a8636	content	docs_site/content/advanced/testing.md	untracked	7018	1d31ba8f81650fdf4ec9a260aef658145efd446fe89503130056dda0c9ea12cb
DC1-20260726T101722Z-9d1a8636	content	docs_site/content/cli.md	untracked	6639	bd14b1d985b1b3c018958c0fd5760e6dd9f0e4ec45999a61cc4937def784c511
DC1-20260726T101722Z-9d1a8636	content	docs_site/content/community/ai-bot-policy.md	A 	1499	ed5689c346e9473dfd422479c40dd9bd7fee08e11a2d8720a328b183c3bbc65e
DC1-20260726T101722Z-9d1a8636	content	docs_site/content/community/code-of-conduct.md	A 	178	03235d2181400e11759f009ca548190c1794deddf59d254e7c3570322b38990f
DC1-20260726T101722Z-9d1a8636	content	docs_site/content/community/contributing.md	A 	3027	5d6bed30e388466cead64d2b11a24afadbe5bcaea692ec670f166f72324d4536
DC1-20260726T101722Z-9d1a8636	content	docs_site/content/community/development.md	AM	12588	a6b896a7ef33cdf23193705cd56bda08530183455b84d42d8dc148e61fb48941
DC1-20260726T101722Z-9d1a8636	content	docs_site/content/community/help.md	A 	1917	432613833775bf4da890b3e79a1d86ddc16974eebb26925c28652584f12181af
DC1-20260726T101722Z-9d1a8636	content	docs_site/content/community/license.md	A 	268	1fa6aa4c8dbe3270ff0f4c591a060cb61559e3dd62625df545bb0509e063426d
DC1-20260726T101722Z-9d1a8636	content	docs_site/content/community/people.md	A 	574	e8627cf603ac770c21ece11f1962cff0efd39989f17da2d0fdbdbb71d30495e7
DC1-20260726T101722Z-9d1a8636	content	docs_site/content/concepts/client-interactivity.md	untracked	7537	2c94be34c7580e07b6180b015cfe22db84feb8889785159c95979fb43bdb6b42
DC1-20260726T101722Z-9d1a8636	content	docs_site/content/concepts/components.md	untracked	5556	f99b8482fea9e9eeb7958fda8c20a5c14be0e6177116796593f4eeee1d809c57
DC1-20260726T101722Z-9d1a8636	content	docs_site/content/concepts/error-boundaries.md	untracked	4189	3799f0b369a5ea6513d4da33a9e41d303c0874a0eccf65b686d20a9f3c49a4db
DC1-20260726T101722Z-9d1a8636	content	docs_site/content/concepts/html-attributes.md	untracked	7553	36e44af84a941edb6f8f2238d03c8b75afb60d40a959d1e04fa89d216a3b2639
DC1-20260726T101722Z-9d1a8636	content	docs_site/content/concepts/provide-and-inject.md	untracked	14471	a6e5f3e73078e8f1ef39294496bf3110ef9e0636fa7ebf4bd1695350c43ef712
DC1-20260726T101722Z-9d1a8636	content	docs_site/content/concepts/registration.md	untracked	10771	1837eb89f66ef0168e392a106f8fbcfb43f3f978aed68b7471259a8913bab399
DC1-20260726T101722Z-9d1a8636	content	docs_site/content/concepts/rendering.md	untracked	8649	2573f9c7605c481418e2cd05dcaf1c6e1f524ef62d49a8cfb63c23337ef4d0fa
DC1-20260726T101722Z-9d1a8636	content	docs_site/content/concepts/slots.md	untracked	14730	44525e62afbb5cc785ad6bbe8e22601d160cdaf48856053b3b6a21f146f87ec1
DC1-20260726T101722Z-9d1a8636	content	docs_site/content/concepts/subclassing.md	untracked	7014	42875e50674bf52fb49140b679bc862f5c3c4ab35282cd3dd28c45a7d53ce21e
DC1-20260726T101722Z-9d1a8636	content	docs_site/content/concepts/typing-and-validation.md	untracked	10007	2bad03537faf9748cf9b21b647de9e8a1474334c19829f5843c7a232ea864a71
DC1-20260726T101722Z-9d1a8636	content	docs_site/content/examples.md	untracked	2506	f4782bad8d534a9f6c15cb893007ddfba367cf538076cb1bb8b116bdce503002
DC1-20260726T101722Z-9d1a8636	content	docs_site/content/getting-started/adding-slots.md	untracked	3936	85ec3eaaa31cfb9e4ac80150c7856da00e3a23a5ed1300f4f63c62cd6cc8dea5
DC1-20260726T101722Z-9d1a8636	content	docs_site/content/getting-started/browser-interactivity.md	untracked	5597	360003a6f6238919076362c9ea06fd74e97d538c734c968e34d9a7cd6a3daf4d
DC1-20260726T101722Z-9d1a8636	content	docs_site/content/getting-started/call-python.md	untracked	1942	3845da0e84adf6a8eee784c06fdeb8e8219c3cd54158e86d1ea9e68d2860feb0
DC1-20260726T101722Z-9d1a8636	content	docs_site/content/getting-started/client-props-and-handlers.md	untracked	4395	0dae115d552eb3a2f706f6e24c7d3b8a899162d435eceea6b72d6df98dbde2a6
DC1-20260726T101722Z-9d1a8636	content	docs_site/content/getting-started/components-in-templates.md	untracked	3904	e304679d7d138d0765ca3264e051dde03a1c92c26f59fce39b503015d0bbfe6e
DC1-20260726T101722Z-9d1a8636	content	docs_site/content/getting-started/fastapi.md	untracked	3607	5082d45b71ea93655f3f23f837a615411723d5f79367fecd85337650ff055e77
DC1-20260726T101722Z-9d1a8636	content	docs_site/content/getting-started/forms.md	untracked	2479	37179fe724a6935dd13ccaec8438c5804017d5eddd5b902116d056ca3342bdde
DC1-20260726T101722Z-9d1a8636	content	docs_site/content/getting-started/installation.md	A 	2089	ea11fa4c36c45eb2fb444767553adcd3506fd04521fe8483185659fca7210385
DC1-20260726T101722Z-9d1a8636	content	docs_site/content/getting-started/parametrising-components.md	untracked	4853	3ea6ab2d00e90ed6e7b10da88f7f6d9e168ede89b1480003f63c3787a2063e52
DC1-20260726T101722Z-9d1a8636	content	docs_site/content/getting-started/server-rendered-updates.md	untracked	3149	0c7e82261957d9822bd1af4902fa4a751ee9b80005abe78d3b059f95ca2d6b81
DC1-20260726T101722Z-9d1a8636	content	docs_site/content/getting-started/state.md	untracked	2141	98a115799ec1eb7db2323bd21652f5fd704adbfe4f04eb8a551619698a1187b0
DC1-20260726T101722Z-9d1a8636	content	docs_site/content/getting-started/your-first-component.md	AM	5972	5686175203b2f0ed9b73ac29813ad89d501361cac907926afbaa9beaf980ebfd
DC1-20260726T101722Z-9d1a8636	content	docs_site/content/guides/dev-server.md	untracked	9359	10d72ad3d3f3ec0ae3f95f1e0bfe7ab1f6f604486de6595d935729fc9b860ca5
DC1-20260726T101722Z-9d1a8636	content	docs_site/content/guides/events-migration-parity.md	untracked	18217	2b2287611698fc379e45eeec6336bfc809d903b565e0a4445f185162e81c1aa2
DC1-20260726T101722Z-9d1a8636	content	docs_site/content/guides/migrate-from-component-view.md	untracked	7191	39c2e683cab96a061f91d8ab4e010da228e1d214d06cf4f32de86be28118b69c
DC1-20260726T101722Z-9d1a8636	content	docs_site/content/guides/migrate-from-django-unicorn.md	untracked	7938	380b6417216cd96cb69ad5944f1389c3248debd66fb1d418446692678615cef9
DC1-20260726T101722Z-9d1a8636	content	docs_site/content/guides/migrate-from-livecomponents.md	untracked	8958	5682592e2980b846d83a284353f773002efd130668701204f527e6bc10a573f3
DC1-20260726T101722Z-9d1a8636	content	docs_site/content/guides/migrate-from-tetra.md	untracked	8485	0e07c92342740dd2483cab5d70fa05fea2edab254075446e7092119a912bbc9e
DC1-20260726T101722Z-9d1a8636	content	docs_site/content/guides/server-events.md	untracked	23470	d1af1ad228256381471d7a58d0c93390961db019305f0a6f176c9e33e9ad5e72
DC1-20260726T101722Z-9d1a8636	content	docs_site/content/guides/troubleshooting.md	untracked	9102	b1f3a67378fe63c561dc1bb6acdeb01e78f9e4968b58d8719a055a53803e2c75
DC1-20260726T101722Z-9d1a8636	content	docs_site/content/index.md	untracked	9055	4abeec425e0156487c677906ac9bfa86d970d71dd6e392dd142868a359e6e15b
DC1-20260726T101722Z-9d1a8636	content	docs_site/content/security.md	untracked	11665	c583253d9419fb1355b58f31e7b2cb3ad5de209811bb697a7e938b774c4bfd15
DC1-20260726T101722Z-9d1a8636	content	docs_site/content/syntax/comments.md	untracked	3190	360116c49850eb4ce6cabee40e846ce968f0ef36169f9cb79e7a31191d022581
DC1-20260726T101722Z-9d1a8636	content	docs_site/content/syntax/control-flow.md	untracked	4802	6dbd4f43499398fa251a1fc4b25e50c5f00e939d0c511da27f5b720f3355dd1d
DC1-20260726T101722Z-9d1a8636	content	docs_site/content/syntax/dynamic-attributes.md	untracked	5141	074458b53802a7247866f061a66490dc7cd601d355699b60e307149752bd87f6
DC1-20260726T101722Z-9d1a8636	content	docs_site/content/syntax/expressions.md	untracked	5028	80b4bead52faeaddd601d298f576ead151d9fcd9c347a5252555dc342e984c57
DC1-20260726T101722Z-9d1a8636	content	docs_site/content/syntax/nested-templates.md	untracked	3858	cb5341751a41d005fdd8b7ea77464f501a1a74f764215fe2acaa251e070d1ee8
DC1-20260726T101722Z-9d1a8636	content	docs_site/content/web-frameworks.md	untracked	7746	48db0ce358c3cd47632c185dcf6006601f001e70c1c28116f27ad7d2831cdafc
DC1-20260726T101722Z-9d1a8636	asset_data	docs_site/data/people.yml	clean	8772	b35037e8dd00004e48f5f6e3abfe6a6a1d7f37cdd86e8e2f299391daa39ccaaf
DC1-20260726T101722Z-9d1a8636	generated_surface	docs_site/docs_versions.toml	clean	1965	7b0987ca448e9c08fab2feef50e74d1ed47b419b3135cc1ec7093eb52fce9ddc
DC1-20260726T101722Z-9d1a8636	example	docs_site/examples/card/component.py	AM	1022	4ee726cdda5f4a7d15ac4a51e90797871f5226ac337fddabd90bd176756fdc04
DC1-20260726T101722Z-9d1a8636	example	docs_site/examples/card/page.py	untracked	909	60cbcd65057369645e8f7f01efeb17083269cb36b8bf1b9d1aa699b937afb1dc
DC1-20260726T101722Z-9d1a8636	example	docs_site/examples/card/test_example_card.py	untracked	2322	7d742609e4acf52f192439e78406ca6f4794a3adbc5dfa94a7b10120162b471c
DC1-20260726T101722Z-9d1a8636	example	docs_site/examples/control_flow/component.py	untracked	2340	7f1af0ddb2740a8cddd5002eeaa321952de85dfa7a9cf57d66664b9d18309167
DC1-20260726T101722Z-9d1a8636	example	docs_site/examples/control_flow/page.py	untracked	1003	ee6dcde339e08856457ee9ff2a32b47d50ecfbfe5359d3eb842871200f1c2ced
DC1-20260726T101722Z-9d1a8636	example	docs_site/examples/control_flow/test_example_control_flow.py	untracked	600	0ecb8fb942fc3a0affd1c00149fc8b2f7468b1bc7e83948fce122696e017daa3
DC1-20260726T101722Z-9d1a8636	example	docs_site/examples/error_fallback/component.py	untracked	1029	4bfd4bb1bd1056d7499b2d15105445a27d108404b31c5e065920c2bdf3f749e2
DC1-20260726T101722Z-9d1a8636	example	docs_site/examples/error_fallback/page.py	untracked	1196	49e193041ca6a4a459bceecfe68dfcd0c81e3ed9ca32c410a8e82e3a63ff730b
DC1-20260726T101722Z-9d1a8636	example	docs_site/examples/error_fallback/test_example_error_fallback.py	untracked	615	de0bc0a1e81f2c0f5bcdba74002cdec7f44c056b7799f9c16bb0fc116aa98efd
DC1-20260726T101722Z-9d1a8636	example	docs_site/examples/form_submission/component.py	untracked	2877	42a8b659aba301515a7b579af0658ee63662c4e4fcac932fc08c1bef07ff09df
DC1-20260726T101722Z-9d1a8636	example	docs_site/examples/form_submission/page.py	untracked	686	0af5ce7502d9a4c75c48683a185e3a81db4695bf0ad1968c88cbac931d709534
DC1-20260726T101722Z-9d1a8636	example	docs_site/examples/form_submission/test_example_form_submission.py	untracked	562	761bb3cc0ddaa7696d5bd3ff3f8d0bc684f1eaaf9daf53e2686c5411ca4fdb2e
DC1-20260726T101722Z-9d1a8636	example	docs_site/examples/fragments/component.py	untracked	1650	6acd89508994209015d5c85f63ed8941f27c06705e2a5f9aad092a54c7fcb7b3
DC1-20260726T101722Z-9d1a8636	example	docs_site/examples/fragments/page.py	untracked	1736	e510e574e4f88f823f97fd98cdc226bcf18c2997185c60f018c28c33e1800ca6
DC1-20260726T101722Z-9d1a8636	example	docs_site/examples/fragments/test_example_fragments.py	untracked	474	e83e62158048563b4b984409d6c38f12027961c14bf58bda7a18e1b761446904
DC1-20260726T101722Z-9d1a8636	example	docs_site/examples/provide_inject/component.py	untracked	997	eac247cdda38353f0afdb53b15858250d1ea2fb21fdb158dc5534d7aa4c58f3f
DC1-20260726T101722Z-9d1a8636	example	docs_site/examples/provide_inject/page.py	untracked	1358	13c94685a56a99cfb1f98cc2f578ba16309af1127b745b5d6f34045b30b6cfb0
DC1-20260726T101722Z-9d1a8636	example	docs_site/examples/provide_inject/test_example_provide_inject.py	untracked	500	721431a2eebe0e36c7693676ad9cae128b510f4707f4259b8dbdfbe82983c79f
DC1-20260726T101722Z-9d1a8636	example	docs_site/examples/recursion/component.py	untracked	2087	870f946668d316c345447cd48e2c5c7fb105d779296e9ba6afa41e7c679d74e4
DC1-20260726T101722Z-9d1a8636	example	docs_site/examples/recursion/page.py	untracked	1659	15fcb693d23f2571e66c537cb0a9d97b29d3b19749eb5a335dc7f4cc56419fb1
DC1-20260726T101722Z-9d1a8636	example	docs_site/examples/recursion/test_example_recursion.py	untracked	488	4f4c7eb9707c03adb3a2186c44fc0122fdc1188c9f35a10ed717dc1b3b13a46c
DC1-20260726T101722Z-9d1a8636	example	docs_site/examples/slots/component.py	untracked	2042	0f687a652dea6a30f645aedcefed54c6845f06d75c3b3825ed363192c220513f
DC1-20260726T101722Z-9d1a8636	example	docs_site/examples/slots/page.py	untracked	1493	38eafcde6c7fde7d7d8e325713a92b6c1d4ce71cd281c535c03e5620483da8e8
DC1-20260726T101722Z-9d1a8636	example	docs_site/examples/slots/test_example_slots.py	untracked	518	230fffca2fdefed40eaf68abc7112a6feeeb07b6d51198bb2c3f249a99a494ab
DC1-20260726T101722Z-9d1a8636	example	docs_site/examples/tabs/component.py	untracked	5164	56bde03f1688fc153f0638dc5ff1f6d78961662c8027248b8c20a8a7d081f572
DC1-20260726T101722Z-9d1a8636	example	docs_site/examples/tabs/page.py	untracked	1364	2a1f6c3eb6cd26104f4b5aa3b2967d2fac061e8ead40cebda6982fc71dd788c1
DC1-20260726T101722Z-9d1a8636	example	docs_site/examples/tabs/test_example_tabs.py	untracked	945	841a06d15d5fe12d7a8a9cc7a36a4f28007cf19d206694f11df7ed41624e0f44
DC1-20260726T101722Z-9d1a8636	asset_data	docs_site/scripts/__init__.py	clean	52	2e51b388d46cf83b665156b3e5a4d9c3c1ef336a5d8b5a005ce56ce6783d4e5c
DC1-20260726T101722Z-9d1a8636	asset_data	docs_site/scripts/people.py	clean	7293	c31808c1d324a9200d7e2757b9460c4c544fdeb7182d829c7442bbb09e618af1
DC1-20260726T101722Z-9d1a8636	snippet	docs_site/snippets/__init__.py	untracked	60	3dd30bbb6f14a7dd39b4578e0821b1e25a6cb05920b5e962d63759c0d7cd8597
DC1-20260726T101722Z-9d1a8636	snippet	docs_site/snippets/_verify_events_migrations.py	untracked	4747	3221a1832529088b3e60de485de7879375aaeba69cde83f22b39d6563a9ec8b0
DC1-20260726T101722Z-9d1a8636	snippet	docs_site/snippets/getting_started/app.py	untracked	593	e461bb397683a655d19f30d8722a1f125519aa2d9cf4dda91f920a7ce39b773e
DC1-20260726T101722Z-9d1a8636	snippet	docs_site/snippets/getting_started/citry_setup.py	untracked	282	ef23d8e3e8851a57918c59928a4a899f26c650e4c8edc874aca7695da2f7dce5
DC1-20260726T101722Z-9d1a8636	snippet	docs_site/snippets/getting_started/components.py	untracked	5024	9c6ac2710c47bc550b14e5629a03f72df219af3a3bde83c5caf7d4b081f9fe38
DC1-20260726T101722Z-9d1a8636	snippet	docs_site/snippets/getting_started/components_step10.py	untracked	2541	da386f5ee6b48e2f7a9ebdd99954674085acab3b9d4d02e2ad35b505d41a1547
DC1-20260726T101722Z-9d1a8636	snippet	docs_site/snippets/getting_started/components_step11.py	untracked	4191	29f02125ec35263d4c66dda51c5da407b19d38d89b51c4733a5cef3e2a2bf043
DC1-20260726T101722Z-9d1a8636	snippet	docs_site/snippets/getting_started/components_step8.py	untracked	1658	48b95d1af1b3d4ec5b4fea8c87850f4d32a2ae46d218f4e5e1b9d1ada5ab64be
DC1-20260726T101722Z-9d1a8636	snippet	docs_site/snippets/getting_started/components_step9.py	untracked	2459	0a69a1756b9714aa8da1531ee613d1ea5ded28c69f61938abea4fa85b9b378b0
DC1-20260726T101722Z-9d1a8636	snippet	docs_site/snippets/migrate_component_view.py	untracked	3542	1be73882c486ba04e9e0da3eb26ebe16dfaff101060e42fd41aff698f3821a2b
DC1-20260726T101722Z-9d1a8636	snippet	docs_site/snippets/migrate_livecomponents.py	untracked	2794	f0f4ab8f302c351368b85a7603eeae6845e88a3b0e4f69e9a1ec15d16a25be41
DC1-20260726T101722Z-9d1a8636	snippet	docs_site/snippets/migrate_tetra.py	untracked	2634	0a3b493afa4c42cfea5b8468f8710edc9aa8ac4885f1b9b0f544d31ccc9d8e15
DC1-20260726T101722Z-9d1a8636	snippet	docs_site/snippets/migrate_unicorn.py	untracked	3432	572fa11815574762bd70554f16b60654b12ef747bbab069386a0b573658653f4
DC1-20260726T101722Z-9d1a8636	asset_data	docs_site/static/css/pygments-dark.css	clean	10246	01e0f28205d57f70568c2f5dd86d9b2b5f2ed5b20c0e0fdef0d828b4ad1c3346
DC1-20260726T101722Z-9d1a8636	asset_data	docs_site/static/css/pygments-light.css	clean	4631	15db42432856ec61f664c784c94f6e23eecd591331f056ac0bd7dc859f576fa9
DC1-20260726T101722Z-9d1a8636	reference	docs_site/static/css/reference.css	clean	2494	ef4f952990ad0cbeaca0d9d953e8ca58e273d525592a049bd2babc75aeb87fe6
DC1-20260726T101722Z-9d1a8636	asset_data	docs_site/static/css/search.css	clean	8850	29eaa1767e38ebfb224702131509acbe7a7c71a1efb9bcfb6364baa30e8696ca
DC1-20260726T101722Z-9d1a8636	asset_data	docs_site/static/css/site.css	 M	46186	2402a4da20e3a5b1b89b411a45be59a28449d3f7907a63e9361ccbc11e4df4bd
DC1-20260726T101722Z-9d1a8636	asset_data	docs_site/static/css/tokens.css	 M	5711	0ae818e5d5062906a1739e60133c1287da1d892fcbc901a0ec221830df98297b
DC1-20260726T101722Z-9d1a8636	asset_data	docs_site/static/fonts/InterVariable.woff2	clean	352240	693b77d4f32ee9b8bfc995589b5fad5e99adf2832738661f5402f9978429a8e3
DC1-20260726T101722Z-9d1a8636	asset_data	docs_site/static/img/benchmark.png	untracked	84693	273025541bde81cc6fb21e936d73ff00831bcd550822cacc506e1d78ea6a554c
DC1-20260726T101722Z-9d1a8636	asset_data	docs_site/static/img/favicon.png	untracked	8170	8b8b4593e5156704a62bcbb37e7889880b03d244a603bc070a6c54d463169e2b
DC1-20260726T101722Z-9d1a8636	asset_data	docs_site/static/img/favicon.svg	untracked	1167	eec67f8552ef4cee9e200472fe0bb9351106c6d42837f88ba4bd33f1e8920f07
DC1-20260726T101722Z-9d1a8636	asset_data	docs_site/static/js/search.js	clean	17303	2d7cbd865f812c40a71d8ab2c9b74bddfbfe8f0aed4c73460c29e29e3718430d
DC1-20260726T101722Z-9d1a8636	asset_data	docs_site/static/js/site.js	 M	22167	176a1c7220e163adfe902a4d55bd091101d6a93ff7171e8f6959597170badb0b
DC1-20260726T101722Z-9d1a8636	test_guard	docs_site/tests/__init__.py	clean	0	e3b0c44298fc1c149afbf4c8996fb92427ae41e4649b934ca495991b7852b855
DC1-20260726T101722Z-9d1a8636	test_guard	docs_site/tests/e2e/__init__.py	clean	60	0fd8bacb4fc49d4f8bae6fabc87ace8844c284a6d82897f8acd907b054385042
DC1-20260726T101722Z-9d1a8636	test_guard	docs_site/tests/e2e/conftest.py	 M	3933	2d197e4a14dcd2d6478a005ce5ccb8dfc94aa0a702d498622e2e35811f261f2d
DC1-20260726T101722Z-9d1a8636	test_guard	docs_site/tests/e2e/test_docs_e2e.py	 M	12447	0e94bdcbaa0c7c4d302804d219f87215b0adbfcd00f23c571bb23ca92e553b33
DC1-20260726T101722Z-9d1a8636	test_guard	docs_site/tests/e2e/test_getting_started_journey_e2e.py	untracked	7994	3f0d330c70cf911dbb47821d53dcc134d6db64e0fd1cf46c985b14142fddc7f3
DC1-20260726T101722Z-9d1a8636	test_guard	docs_site/tests/snapshots/about_benchmarks.content.html	clean	3698	5ef258981d5a7bac4f5d763f41683640a07a0e5501cb6432d3573fbda66e3151
DC1-20260726T101722Z-9d1a8636	test_guard	docs_site/tests/snapshots/getting-started_your-first-component.content.html	 M	17427	cc1ebe11b5467f58ef86447f7dbfc6bb69f1500d015eb63398b4b3e6067fabc9
DC1-20260726T101722Z-9d1a8636	test_guard	docs_site/tests/snapshots/syntax_control-flow.content.html	clean	12013	260d5ccd204eb07cca1483b83561db3eda8e8dfd1fc8e3646100e23c67686461
DC1-20260726T101722Z-9d1a8636	test_guard	docs_site/tests/test_annotation.py	clean	3177	aed081036152984f0e805043ed5bf42172c5f2c4b7cd70e6e91653b45e9ffe2d
DC1-20260726T101722Z-9d1a8636	test_guard	docs_site/tests/test_assemble.py	clean	7274	012d6445b09104bd917d0742a77aae13e6f3ddfb2a5e2fff488ae506f93b3a71
DC1-20260726T101722Z-9d1a8636	test_guard	docs_site/tests/test_base_path.py	clean	1944	1e65e226edfab2d882d4d6274b30e2b2a4559c07ad802dc3fe813d6500395b75
DC1-20260726T101722Z-9d1a8636	test_guard	docs_site/tests/test_bootstrap.py	clean	6979	60597c3f8bb4b3eb15cdc4870401edfca81084ff8e98b2921ed4cb9ff6d81a55
DC1-20260726T101722Z-9d1a8636	test_guard	docs_site/tests/test_build.py	clean	11716	7f35853c8d45b98fdc67802c354e361516ab6ef0a27f74136fc9765ecf8e5cfa
DC1-20260726T101722Z-9d1a8636	test_guard	docs_site/tests/test_caching_docs.py	clean	1355	e30f242e155c4fcd7031e01dde739f04c2cc3465b4eaeb0f4764fb2724feae51
DC1-20260726T101722Z-9d1a8636	test_guard	docs_site/tests/test_chrome.py	 M	13737	674a8f3025c4aef6fad6deda340a343fcf404d05bad7138b90ce2219b2810cc8
DC1-20260726T101722Z-9d1a8636	test_guard	docs_site/tests/test_cli.py	clean	9288	f98ccdf2704f375b6c68328af1cc018b8e1cb7f070ac458b889e18ebce6b6904
DC1-20260726T101722Z-9d1a8636	test_guard	docs_site/tests/test_config.py	clean	661	3dc9f22993cf134a9ff311b5a8b0dcafd6d04a84393292971331a26c5ce00ca3
DC1-20260726T101722Z-9d1a8636	test_guard	docs_site/tests/test_content_render.py	clean	5496	1587df58592ca2a012f948e364841091cbb09d0c49342bd553181c9686fad868
DC1-20260726T101722Z-9d1a8636	test_guard	docs_site/tests/test_content_snapshot.py	clean	5234	23b6ce6266325aab932e07486ec24f7e3366934e7295228447acedb32fa01896
DC1-20260726T101722Z-9d1a8636	reference	docs_site/tests/test_crossrefs.py	clean	3351	babd86294e0c3bc282e8a0fc221f237725bff7c935a3f2d15dc1b8b6f99874b8
DC1-20260726T101722Z-9d1a8636	test_guard	docs_site/tests/test_events_migration_examples.py	clean	4350	441473993a2b5af92d279206e2eaf3c8dd700671eb354347c8be5d175f53cf7b
DC1-20260726T101722Z-9d1a8636	test_guard	docs_site/tests/test_examples.py	 M	4839	acdd3cfb3c14d26920d4e8acc4928d3f2fc89056920ab74ef5d4ec72a32d3c3c
DC1-20260726T101722Z-9d1a8636	test_guard	docs_site/tests/test_frontmatter.py	clean	4848	4e54f71e3378fad031add04e63567223cb142b9c69c21acd90c615925c69f612
DC1-20260726T101722Z-9d1a8636	test_guard	docs_site/tests/test_getting_started_content.py	untracked	8564	f053c1ddad5eee8ad3c0ce43ad9a3d944ae7e326c0bed783bda6f43be6a1f82e
DC1-20260726T101722Z-9d1a8636	test_guard	docs_site/tests/test_git_metadata.py	clean	4833	7e6bff66afbfe97dc4e39f14817a0791b9200bcaa08a2b2f55ecbcda4000c1f2
DC1-20260726T101722Z-9d1a8636	test_guard	docs_site/tests/test_guards.py	clean	11345	5293278fa6dde30929a74162e0b00fa04ea77dc0b8af196d0d2dc9ede46e89e9
DC1-20260726T101722Z-9d1a8636	test_guard	docs_site/tests/test_inventory.py	clean	5491	c5e854580a3c2ae18ee95380a53726aca27b9a8f1536d799f991c2b4cea08d45
DC1-20260726T101722Z-9d1a8636	test_guard	docs_site/tests/test_links.py	clean	2606	311e1de4f27a568cd750e54b0029c399d66876ef8b02799869b99d4135a8bfdc
DC1-20260726T101722Z-9d1a8636	test_guard	docs_site/tests/test_llms.py	clean	2325	13ddbacce0fea984b969730971fe967133b7881543f151d58148bb5e02549907
DC1-20260726T101722Z-9d1a8636	test_guard	docs_site/tests/test_minify.py	clean	2108	4b2a7e05c7d24b6e240db2ec55b66ed3684d15c8a539c84124d7d4f04c3fa6ef
DC1-20260726T101722Z-9d1a8636	test_guard	docs_site/tests/test_nav.py	clean	5176	010fb1c7ab6679c253c22873cf8cea86e920aca6b6db2ccfef92902ed11c7819
DC1-20260726T101722Z-9d1a8636	test_guard	docs_site/tests/test_pagefind.py	clean	954	772306e004bb5145c2b194da8ed3ac9b967a6e6cc7c289eb8be4ed169900e1f9
DC1-20260726T101722Z-9d1a8636	test_guard	docs_site/tests/test_paths.py	clean	823	85992df655c01fa15a8d3f81230d612f3394f268ca309967c681c9e4276e6ce7
DC1-20260726T101722Z-9d1a8636	test_guard	docs_site/tests/test_people_generator.py	clean	3109	88fb77e50ae4069b9884c57310529083283ab48fc7876c0be42d4c3f5e23b1de
DC1-20260726T101722Z-9d1a8636	test_guard	docs_site/tests/test_pipeline.py	 M	8229	4674515ff20105ad6f4458c8989f75697768d42a9ba0d78dd050e83c588db570
DC1-20260726T101722Z-9d1a8636	test_guard	docs_site/tests/test_redirects.py	 M	1151	76f399e12e7cfa92978eae35122aa429ea335a1e2208869a1e76e2f77ad369d2
DC1-20260726T101722Z-9d1a8636	reference	docs_site/tests/test_reference.py	clean	2031	3b22edc53d88c22935d8fdbaa8ba8793514bca88bc2581cef283fddc1e24e016
DC1-20260726T101722Z-9d1a8636	reference	docs_site/tests/test_reference_enrichers.py	clean	7408	89ea8d1df1463766bdc75e55d126c749344ac7cb12ee05625045659a1bb89be8
DC1-20260726T101722Z-9d1a8636	reference	docs_site/tests/test_reference_pages.py	clean	5080	6d6746699f12aee678f5669823dbac87f6a02a1504b2c6226af75f311d6b632b
DC1-20260726T101722Z-9d1a8636	test_guard	docs_site/tests/test_release_notes.py	clean	10773	3642b4248a1103542b9e9c63068c4d8e28e8224c79147c06cd0996173c3954b2
DC1-20260726T101722Z-9d1a8636	test_guard	docs_site/tests/test_search.py	clean	1892	1e5a7fadadc56a5c070b23e2999fb5efcf5e8ac0862e46614e0f476d9d4d64f7
DC1-20260726T101722Z-9d1a8636	test_guard	docs_site/tests/test_seo.py	clean	4995	8871d498ece0290d0299f6f7d2a608a7e25077a4a3d6c04a7a1644c4b6c2dbd1
DC1-20260726T101722Z-9d1a8636	test_guard	docs_site/tests/test_serve.py	clean	2746	52bbac51b24bc2441689d0c7feb5d97d834c42ec54350085e14a3e7c06d32a82
DC1-20260726T101722Z-9d1a8636	test_guard	docs_site/tests/test_social_cards.py	clean	5096	31feee1ac4c41dd145caff9aa58cb6cefdd71a0638465f22bb201304fd71f878
DC1-20260726T101722Z-9d1a8636	test_guard	docs_site/tests/test_static_deps.py	clean	813	16ae9b40cb609f9bf07d719942dcd559ff042e661308475ee7c0f3be9ed33a14
DC1-20260726T101722Z-9d1a8636	test_guard	docs_site/tests/test_versioning.py	clean	4780	205c45270536fa8b616fbcc3c7a70e1f6c1c7a0ebdfec83849b73f90904227bc
DC1-20260726T101722Z-9d1a8636	test_guard	docs_site/tests/test_versions_guards.py	clean	10211	126e90b294c83c2f4e8126a36a243369ccbcefae41fb8c691a704232310f40ec
DC1-20260726T101722Z-9d1a8636	generated_surface	docs_site/versions/versions.json	clean	3	37517e5f3dc66819f61f5a7bb8ace1921282415f10551d2defa5c3eb0985b570
DC1-20260726T101722Z-9d1a8636	external_input	external:python-3.13-objects.inv	n/a	149862	060b0de08ce5c3d21a296427358abbf1c8dc5c2af6785f5c78bf5acda0cd79b5
DC1-20260726T101722Z-9d1a8636	readme_release	packages/py/citry/README.md	clean	17503	c72575e51099232ec9616aab5209515037602570427cfd2daccb2ef3d58762c6
DC1-20260726T101722Z-9d1a8636	reference	packages/py/citry/citry/__init__.py	 M	5425	90141080ecefd66521f0129acb0c6853997681eda10e4c87f4e5c57b95fc0c8e
DC1-20260726T101722Z-9d1a8636	reference	packages/py/citry/citry/__main__.py	 M	3086	e22e0e0973813010ea9fc5860c88d7e6a3c16bf91960d68b8b7dd8dce2f6ecfa
DC1-20260726T101722Z-9d1a8636	reference	packages/py/citry/citry/_class_introspection.py	untracked	1876	3d97168731102ea6686c4e09dcefa9f83bdb71a55035dbd75f428ce54d4db107
DC1-20260726T101722Z-9d1a8636	reference	packages/py/citry/citry/_component_introspection.py	untracked	9606	c1e6050a2344ca20b0a31916ed5608c1a35e392e0a1a48007b7d8472877d7e3b
DC1-20260726T101722Z-9d1a8636	reference	packages/py/citry/citry/_nested_declarations.py	untracked	7520	bf958db3790a756f8f7bef6f18068bfe975bd8460420c1cfbee1e91da5c5ae1f
DC1-20260726T101722Z-9d1a8636	reference	packages/py/citry/citry/_schema_introspection.py	untracked	16903	9ff227c98e7a1cdbdccb2578c66cb172502f28360e328899c01920f1c2f6ac86
DC1-20260726T101722Z-9d1a8636	reference	packages/py/citry/citry/assets.py	 M	14759	39efe8195afe149e6d28b257f8006b8999a057ad8273130b96426f2978a0450c
DC1-20260726T101722Z-9d1a8636	reference	packages/py/citry/citry/attrs.py	 M	12437	babda57fe36eaa56b15fa34090ceeddb130e4527ce6df877ef1028d98c069b76
DC1-20260726T101722Z-9d1a8636	reference	packages/py/citry/citry/autodiscovery.py	 M	11872	93cdef2e567b725236e9b8dff44be249b18bd5287b24d3dbe717a6edfe8e0cd4
DC1-20260726T101722Z-9d1a8636	reference	packages/py/citry/citry/cache.py	 M	5665	3323e6629a34669b3c51421f17a7ec5a6febb18c9adf1c326ad99844a43ae624
DC1-20260726T101722Z-9d1a8636	reference	packages/py/citry/citry/citry.py	 M	76050	c3f35629fdb51aa99ba4c2f710df9e23b68fc33358d602601d4ae17aa0ffd510
DC1-20260726T101722Z-9d1a8636	reference	packages/py/citry/citry/citry_context.py	 M	6710	0ab58f62fa72dd63e7cb1d249369d5cfb59ec8fac0367bb8114895d7190f01ae
DC1-20260726T101722Z-9d1a8636	reference	packages/py/citry/citry/citry_element.py	 M	7092	69527ae3cc834c4fbb41cf5c828f833e1a6137e607b3f225db8c98e152c03d44
DC1-20260726T101722Z-9d1a8636	reference	packages/py/citry/citry/citry_render.py	 M	18099	8f4934aee5a6d8836b7502b79f03e54c5cc8c9e69070a40d7e1af93ba64102a8
DC1-20260726T101722Z-9d1a8636	reference	packages/py/citry/citry/citry_template.py	 M	3234	0f95410b0dec7ab59aa15eeb7291e3a47abcceb9f8d8ebb3202fa3711ec11673
DC1-20260726T101722Z-9d1a8636	reference	packages/py/citry/citry/client_directives.py	untracked	4380	009bebd68d90220a96aa9e071abe3526ecfb1295843891bdda7cfba20c24c7c6
DC1-20260726T101722Z-9d1a8636	reference	packages/py/citry/citry/command.py	 M	11261	e28db0b0edbcc268c2ee3e0bc3cd2f1376fb753f3f6570491b7f01489e3084c9
DC1-20260726T101722Z-9d1a8636	reference	packages/py/citry/citry/commands/__init__.py	 M	3206	a83df3023c4485fbc8fe7e14b70fb9f9482091f3f7b4582fd286d14b2025e67c
DC1-20260726T101722Z-9d1a8636	reference	packages/py/citry/citry/commands/create.py	clean	3298	4344e1a22f7fce86bf10397ab6c73bcbb26636b9fc2fab1a6acf00bd9dc003a9
DC1-20260726T101722Z-9d1a8636	reference	packages/py/citry/citry/commands/ext_list.py	clean	697	fd267c56f7a76f14441496c3a11bf4adb643c6c4b3221778c6cb255f88f529ff
DC1-20260726T101722Z-9d1a8636	reference	packages/py/citry/citry/commands/inspect.py	untracked	803	23a16a9a4a8c4b623d31e3630ed57fc188dc824a58ece7629596d86a48c2a4be
DC1-20260726T101722Z-9d1a8636	reference	packages/py/citry/citry/commands/list.py	 M	2410	a2f7696045654365060ce5c32011d5036f55eca5bb6372389b02596b39c3fe1f
DC1-20260726T101722Z-9d1a8636	reference	packages/py/citry/citry/commands/watch.py	clean	1838	1910a51a04cbee974034bcd5cf74acb1bf9b4d18a33edf64eb6847c66d6523b3
DC1-20260726T101722Z-9d1a8636	reference	packages/py/citry/citry/component.py	 M	52061	87d0ae1d211f0d4d40bbd0fc86f65c55c1de9b0d8a269da40a9ee30ae4b75bf6
DC1-20260726T101722Z-9d1a8636	reference	packages/py/citry/citry/component_like.py	untracked	3154	9d7798e76c669e42bdee4bcf6163124d7e417b7536a34e102d8276d5504208f8
DC1-20260726T101722Z-9d1a8636	reference	packages/py/citry/citry/component_registry.py	 M	13145	e21c2bdb3741ac7df414dd95ffa61369d54c789ebc025858adf81ebe1943bf2e
DC1-20260726T101722Z-9d1a8636	reference	packages/py/citry/citry/component_render.py	 M	71747	efdd0368ed179d7b3f3031f7f5a94a00df2fb0369f7da28945d86ee49d3803a3
DC1-20260726T101722Z-9d1a8636	reference	packages/py/citry/citry/components/__init__.py	 M	1458	4b40dee89fa9a16a1cf819b2aacfcce5d9f2890e495862339798183adb916275
DC1-20260726T101722Z-9d1a8636	reference	packages/py/citry/citry/components/cache.py	untracked	1498	4176929b73cb1065e88bb9e0144d76f9f9bcff3c7719e4740ccea2389bab30ae
DC1-20260726T101722Z-9d1a8636	reference	packages/py/citry/citry/components/dynamic.py	 M	10532	694df157adb143949a5e36fba5b678d520b58cef3489bde1893c6928591ea96f
DC1-20260726T101722Z-9d1a8636	reference	packages/py/citry/citry/components/error_fallback.py	 M	3961	ebdae5a5f79529c94862f2dc7dfd0750ea6e6a94e69b4cba9c86a7d48ec82231
DC1-20260726T101722Z-9d1a8636	reference	packages/py/citry/citry/components/js_css.py	 M	3091	99e7884a58e1a0815bdd25d0558060e24686325ac48a3afaa9996b9837a5e042
DC1-20260726T101722Z-9d1a8636	reference	packages/py/citry/citry/components/provide.py	 M	2090	c6c908f0122efcaaf919f60b196c5cc2e6d6699cf10d051efaca68a5a3ff9371
DC1-20260726T101722Z-9d1a8636	reference	packages/py/citry/citry/constants.py	 M	86	75edc5b7d2b787bf1a43786cab41a92feb88838f3ec45b00ada9f0428a3bfe85
DC1-20260726T101722Z-9d1a8636	reference	packages/py/citry/citry/constness.py	 M	42862	39da347fa6416da861c5f095933a6efff69b0c147ede4ed9f246989b3d5da37d
DC1-20260726T101722Z-9d1a8636	reference	packages/py/citry/citry/contrib/__init__.py	clean	965	6053a07a3ee06780f8d86cfcadc22f6a8ae084085289ee0766fb1701fc53815d
DC1-20260726T101722Z-9d1a8636	reference	packages/py/citry/citry/contrib/asgi.py	 M	9243	59632e30eb74a7069e34d689e4b2cd1105f9de5c3dacfe8e7b88c6d13054410b
DC1-20260726T101722Z-9d1a8636	reference	packages/py/citry/citry/contrib/caches.py	 M	3192	f05ee5d74112a6c309f1ac489d14c1e4d2c65bc0dc045e4aac9202925e65c204
DC1-20260726T101722Z-9d1a8636	reference	packages/py/citry/citry/contrib/django.py	 M	12177	2f009e166c72da38814b164dbc81c06e826f076c8ccbbb795e74ddf8a9cd03ed
DC1-20260726T101722Z-9d1a8636	reference	packages/py/citry/citry/contrib/fastapi.py	clean	1192	782ab96516e5255ef9b1d860f0fdce26f708ae7c33748bb19c98b94f0a844d3c
DC1-20260726T101722Z-9d1a8636	reference	packages/py/citry/citry/contrib/flask.py	clean	1906	9ca21c77836d979ba52bceae27458be6a6291fe363d82cfa13759c3fa5e64ff3
DC1-20260726T101722Z-9d1a8636	reference	packages/py/citry/citry/contrib/wsgi.py	clean	5209	7ed7429b36e9014b5a9d931a1c75c8546a4cc32692866c420360bb09972d943b
DC1-20260726T101722Z-9d1a8636	reference	packages/py/citry/citry/ext/__init__.py	 M	483	d5d0ecde2d9b424e14a0484ffc203d9f2c35db60b66e0de6eb9401390104fdf9
DC1-20260726T101722Z-9d1a8636	reference	packages/py/citry/citry/ext/cache/__init__.py	untracked	417	9bf2ce64f6f9773afa6553a2e80164888a26735931181b8e643d97909de5babc
DC1-20260726T101722Z-9d1a8636	reference	packages/py/citry/citry/ext/cache/_introspection.py	untracked	2955	6e3493b98a43a16a77f7ceb9618b44dc0c96c893c3ac1b478ac131ef0b16da28
DC1-20260726T101722Z-9d1a8636	reference	packages/py/citry/citry/ext/cache/artifact.py	untracked	27440	dc75c6e1aa271e18c5a858fb703056cc3922f42b7cc640aa68d61bd6e970a7ca
DC1-20260726T101722Z-9d1a8636	reference	packages/py/citry/citry/ext/cache/config.py	untracked	4956	aeaa19162f1bc0325fc1afe84c5ee6c360be81fd1e896135d5bb4b0d631703a0
DC1-20260726T101722Z-9d1a8636	reference	packages/py/citry/citry/ext/cache/errors.py	untracked	1963	dc390030c4aec9a9d5a5469c297358104f125cc07c139365f441bfa689183abe
DC1-20260726T101722Z-9d1a8636	reference	packages/py/citry/citry/ext/cache/extension.py	untracked	24295	5227cca0c393ed2397b23d7b57cdd738c31e3b6b64cbd887d9eda634be7f0b3f
DC1-20260726T101722Z-9d1a8636	reference	packages/py/citry/citry/ext/cache/keys.py	untracked	16009	909c72e7e2c11ceab6f26f42e41abec78569b48a5b92fecb8808e35f2ee30dd5
DC1-20260726T101722Z-9d1a8636	reference	packages/py/citry/citry/ext/cache/limits.py	untracked	1428	66be053f4dc6e41e3d34f241f6d1a38cce676c18dfd9d8dcdd328356316a1b08
DC1-20260726T101722Z-9d1a8636	reference	packages/py/citry/citry/ext/cache/replay.py	untracked	86340	ced92782be23c304d52883f487b1b7d2efed7d2e8270e0b2674998e3ed32925c
DC1-20260726T101722Z-9d1a8636	reference	packages/py/citry/citry/ext/debug.py	untracked	11732	187eb4822ffa9b4d0ca97c88c5ad0386ad3b06b8ac499862659ad8d0e54ab853
DC1-20260726T101722Z-9d1a8636	reference	packages/py/citry/citry/ext/dependencies/__init__.py	 M	2092	ddb8f007448811c5ace552ee105ca2c0af37e4cf468a8f8d9a317bfd00f12cb6
DC1-20260726T101722Z-9d1a8636	reference	packages/py/citry/citry/ext/dependencies/client/citry.js	 M	277605	be59a1e85ad98a55d7697324bb6215bf31886178225d92954f11f59fc30b522d
DC1-20260726T101722Z-9d1a8636	reference	packages/py/citry/citry/ext/dependencies/emission.py	 M	34132	198ce67a943ce3a62836f6d351857a351eb56c885b2d55eadd974061f7a5cd35
DC1-20260726T101722Z-9d1a8636	reference	packages/py/citry/citry/ext/dependencies/extension.py	 M	29071	748b2f371d68a263c860fde17979110c5f9f38caf030e56300ecde71a62f7b58
DC1-20260726T101722Z-9d1a8636	reference	packages/py/citry/citry/ext/dependencies/routes.py	 M	6322	98c9c1d1a91d320c33dff202aa8aa92b2f82949d8d789c25f2712050b0701577
DC1-20260726T101722Z-9d1a8636	reference	packages/py/citry/citry/ext/dependencies/scripts.py	 M	17633	e5a24c292b464fac00ee29987b3522cf96b032d0fe9ad6c19a76e0c2800f1d39
DC1-20260726T101722Z-9d1a8636	reference	packages/py/citry/citry/ext/dependencies/types.py	 M	12181	7c2443668cbe36391136a3d08e3cf8be06762f2f6ec2d00db52fba2c7970a74a
DC1-20260726T101722Z-9d1a8636	reference	packages/py/citry/citry/ext/events/__init__.py	untracked	2462	3cf329efd84e5bbf60d4992dbaa297e9b9cf008b67a176aa3a1d88031514e264
DC1-20260726T101722Z-9d1a8636	reference	packages/py/citry/citry/ext/events/_introspection.py	untracked	7700	81bcc98599c8e941e687b165c3920ac4d769b2f14a212f8bf129698c9e8167ad
DC1-20260726T101722Z-9d1a8636	reference	packages/py/citry/citry/ext/events/actions.py	untracked	17526	a99073a9c885e0d8b8680cba311167d286f7cd2fd072b47eb92f3f4710a04fdf
DC1-20260726T101722Z-9d1a8636	reference	packages/py/citry/citry/ext/events/bindings.py	untracked	43652	d1752900b25f277ae0cf72d9346a0e7e9f667cd5105c3b0f2fe9ae0862616ec1
DC1-20260726T101722Z-9d1a8636	reference	packages/py/citry/citry/ext/events/cache.py	untracked	9102	2a1f0c34d5f0d512e4dbc0e16e943f0bfaded0d7b2712bfd8d9d7d37c6a794fd
DC1-20260726T101722Z-9d1a8636	reference	packages/py/citry/citry/ext/events/client/citry-events.js	untracked	285051	095914782baab494405eefbf06cefe88e809264e19e8e2d100b4e90097c9fa02
DC1-20260726T101722Z-9d1a8636	reference	packages/py/citry/citry/ext/events/codecs.py	untracked	20020	978a9c92ecad0518de03eb95cd7836c5225f17a64cf5eea6dfe74f4054cc62aa
DC1-20260726T101722Z-9d1a8636	reference	packages/py/citry/citry/ext/events/config.py	untracked	2793	197ea80580735d135b8663a04d898a6afe75070ed96298abfcf85f0ba9e89e4e
DC1-20260726T101722Z-9d1a8636	reference	packages/py/citry/citry/ext/events/csrf.py	untracked	5707	cd4f6e5e62577caeb9fedb33a90af844d7ca93d92b81ae32fc0a21ca8fa8a6c3
DC1-20260726T101722Z-9d1a8636	reference	packages/py/citry/citry/ext/events/dispatcher.py	untracked	69082	541493ad19c5e775d110b5a4d68480fcfb23ed3874e89b12e27b2f52b7a619f9
DC1-20260726T101722Z-9d1a8636	reference	packages/py/citry/citry/ext/events/emission.py	untracked	15385	1eb90fc1c967489951eb63da1e28650dc2d435e48ae0928eda387a1ba9734bbe
DC1-20260726T101722Z-9d1a8636	reference	packages/py/citry/citry/ext/events/errors.py	untracked	6220	afb3163086d499542c6a56808ad82705675ac54d473d353553094a7adb435a4b
DC1-20260726T101722Z-9d1a8636	reference	packages/py/citry/citry/ext/events/extension.py	untracked	31175	8519819e1836a296629f662ceb77f0fffa61ec733e9e41cfca8220876ef8cdc5
DC1-20260726T101722Z-9d1a8636	reference	packages/py/citry/citry/ext/events/files.py	untracked	4347	afb3a5b4c468ffc673587d911f184bfd06a96cc9772aad895d901ff95109bffc
DC1-20260726T101722Z-9d1a8636	reference	packages/py/citry/citry/ext/events/handlers.py	untracked	26056	68c0342c9ca037265695bcb9dc8413c8c7ecb41febc76223b032e8bfb7654475
DC1-20260726T101722Z-9d1a8636	reference	packages/py/citry/citry/ext/events/openapi.py	untracked	27126	c0eb39f2b00fab53ab5bdc524c08ce33fda3989b067644e335664a32495127be
DC1-20260726T101722Z-9d1a8636	reference	packages/py/citry/citry/ext/events/results.py	untracked	16535	8bda66bdba93b3f7e011a3c46598c5013cd64f799ae19ffd0133c9785a36cb08
DC1-20260726T101722Z-9d1a8636	reference	packages/py/citry/citry/ext/events/routes.py	untracked	24395	b555311cb1335aa35efefbcbb27354ef19648048148fc9f21c232b15025ea77a
DC1-20260726T101722Z-9d1a8636	reference	packages/py/citry/citry/ext/events/schemas.py	untracked	25997	9518d6f86f5bdf9fad8e9044d24ff6168a780f525df0851397048d87549c9aae
DC1-20260726T101722Z-9d1a8636	reference	packages/py/citry/citry/ext/events/state.py	untracked	10933	7bf465c9104dee9613fad9f8f0b51456d34266bb9e83e795bde5db30b097bfb8
DC1-20260726T101722Z-9d1a8636	reference	packages/py/citry/citry/ext/events/tokens.py	untracked	35712	750e139583723877a47cbac7468b38f269798a3ddb8271bb9e53181b4de769eb
DC1-20260726T101722Z-9d1a8636	reference	packages/py/citry/citry/ext/events/view_events.py	untracked	8273	756b6b0dd39d5cd96d3c13adb4ec32dd5da5264b481725642442681838074c0f
DC1-20260726T101722Z-9d1a8636	reference	packages/py/citry/citry/extension.py	 M	70771	7f113ae69ef4b05e9bafa3275327e9a1a37e08c98a25026d6b2d0610a9e88518
DC1-20260726T101722Z-9d1a8636	reference	packages/py/citry/citry/introspection.py	untracked	41065	e4d4c0688115bbd2ef7b2bbe4f7e707f4d47dc7beecb935cd624f67f3162d1b3
DC1-20260726T101722Z-9d1a8636	reference	packages/py/citry/citry/library_component.py	untracked	22997	b90c8b04aee0242514372044f6e56fb444e73768955a933d1e483c497cdfbe5d
DC1-20260726T101722Z-9d1a8636	reference	packages/py/citry/citry/lifecycle.py	untracked	4660	3ee7c5ab904718f47718e49286d84b058f45b500ac338e9dc921da04bb25f41c
DC1-20260726T101722Z-9d1a8636	reference	packages/py/citry/citry/nodes/__init__.py	 M	81929	958adf891f92536681f68e10121468396ce967f0546d1dde735167e5b53b0ac7
DC1-20260726T101722Z-9d1a8636	reference	packages/py/citry/citry/ownership.py	untracked	74101	9b40ea3ab2934fae8f378a31761dfe48b02846ee353a34394f83f0451b24a726
DC1-20260726T101722Z-9d1a8636	reference	packages/py/citry/citry/ownership_manifest.py	untracked	36349	901e6332ea73af8904a50490bf9bccb1d633c18c9e7989d4d344682234398c47
DC1-20260726T101722Z-9d1a8636	reference	packages/py/citry/citry/provide.py	 M	3922	e89c480d7d6331815a84fc24d4bc25c690c7afb655c50ba076067f22e8ae6733
DC1-20260726T101722Z-9d1a8636	reference	packages/py/citry/citry/py.typed	clean	0	e3b0c44298fc1c149afbf4c8996fb92427ae41e4649b934ca495991b7852b855
DC1-20260726T101722Z-9d1a8636	reference	packages/py/citry/citry/reload.py	 M	11583	9c519dfda9e95b6433e290e491905c8a73c4a0e50993fa5925714d48c9ab6068
DC1-20260726T101722Z-9d1a8636	reference	packages/py/citry/citry/serialize.py	 M	18771	4469859725076463595839e4664bd79b1bfc32b16118ee9b46373e80da3f9315
DC1-20260726T101722Z-9d1a8636	reference	packages/py/citry/citry/settings.py	 M	10310	dcb1048841d8194fa60cfd541497fa3f7b93364cd8bd57ce695b5917ee256540
DC1-20260726T101722Z-9d1a8636	reference	packages/py/citry/citry/slots.py	 M	15988	614eef7c880ac3d28cc5df65ac575ab3e0b2ad67a2f6d55f3cce3969d226f2b3
DC1-20260726T101722Z-9d1a8636	reference	packages/py/citry/citry/tag_rules.py	 M	9811	f94c95ad305a9018246dcdbdd1e8147c17062c09c91b3bf02543949980bc98a0
DC1-20260726T101722Z-9d1a8636	reference	packages/py/citry/citry/util/__init__.py	clean	0	e3b0c44298fc1c149afbf4c8996fb92427ae41e4649b934ca495991b7852b855
DC1-20260726T101722Z-9d1a8636	reference	packages/py/citry/citry/util/css.py	 M	6416	bd5ede4573fa36a0cefb43085007ada92a7c4b7e977619eb94530927ee0113ba
DC1-20260726T101722Z-9d1a8636	reference	packages/py/citry/citry/util/exception.py	 M	7241	75d9e23ce97456e0422490c54444d49c8f6d97ce0576dd77bac25617c154a748
DC1-20260726T101722Z-9d1a8636	reference	packages/py/citry/citry/util/html.py	clean	3174	edd6cd77f9355518929f0207c0ced6613a4487462f755ec389e8ee968962560b
DC1-20260726T101722Z-9d1a8636	reference	packages/py/citry/citry/util/id.py	 M	3910	905826f3f7fc8f567de10c7b685ebfa3c6a79a6ad78fd1c75ed39c8fb4f8247f
DC1-20260726T101722Z-9d1a8636	reference	packages/py/citry/citry/util/logger.py	clean	5067	312deaf4adc539a82ebd4bb8b5a565b380e256c476688f5d8c1ea8c142115912
DC1-20260726T101722Z-9d1a8636	reference	packages/py/citry/citry/util/misc.py	 M	7335	f9934d3d9e09a1733d46b727c40855a28916d656396c6d72d920532eae37a5ae
DC1-20260726T101722Z-9d1a8636	reference	packages/py/citry/citry/util/routing.py	 M	11531	27a70f4f5f30bc7bcdbc273ddfe2597e074479ee48af5c62a639cade45d3f45a
DC1-20260726T101722Z-9d1a8636	readme_release	packages/py/citry/pyproject.toml	 M	3965	c5238eacc61dd1e5ed8815f4d97df9080650f9b5dc270bfce9db7274406eb07a
DC1-20260726T101722Z-9d1a8636	toolchain	packages/py/citry_core/citry_core/__init__.py	clean	1147	771cd371cd616fd02c8a37d4430aea781f14c3f5c9acc1144b9aea822eb842a8
DC1-20260726T101722Z-9d1a8636	toolchain	packages/py/citry_core/citry_core/_rust.cpython-313-darwin.so	clean	4550312	704310c6d3a578e6c05a3c5fa8c6442e4f76b1de07dbe56832a4e7f3d512a897
DC1-20260726T101722Z-9d1a8636	toolchain	packages/py/citry_core/citry_core/_rust.pyi	 M	15246	99bbb0cc4a941a4090e45ed56967a89f11394626ee983f1bf0fec031382889b7
DC1-20260726T101722Z-9d1a8636	toolchain	packages/py/citry_core/citry_core/html_transform/__init__.py	clean	259	a4a45cd06ddc97778b810af5f941ba7884bd5afc13e73e522d0a84d322253a23
DC1-20260726T101722Z-9d1a8636	toolchain	packages/py/citry_core/citry_core/py.typed	clean	0	e3b0c44298fc1c149afbf4c8996fb92427ae41e4649b934ca495991b7852b855
DC1-20260726T101722Z-9d1a8636	toolchain	packages/py/citry_core/citry_core/safe_eval/__init__.py	clean	250	827860766c3452ec9ef99036e8d424336b0cd85666159dc9779f71b8a1070ff1
DC1-20260726T101722Z-9d1a8636	toolchain	packages/py/citry_core/citry_core/safe_eval/error.py	clean	6031	9ee0588fa70d70449b5ddc048f9ab18ad10957f001d81d341486f4d8f8938928
DC1-20260726T101722Z-9d1a8636	toolchain	packages/py/citry_core/citry_core/safe_eval/eval.py	clean	18294	99b56ad7dbbca2b2d401e36412605b3665d16d05e0176163471c0c2566ef5e6a
DC1-20260726T101722Z-9d1a8636	toolchain	packages/py/citry_core/citry_core/safe_eval/sandbox.py	clean	7530	bfa20f62ab271f9049a2e1cec456eccca3b41245f10f973dafe0244d87fb427f
DC1-20260726T101722Z-9d1a8636	toolchain	packages/py/citry_core/citry_core/template_parser/__init__.py	 M	2608	5d605dcea26ef049a4bf8dc38ae75bbfccf6b98ed3a48c541de77b9d2294c8ed
DC1-20260726T101722Z-9d1a8636	toolchain	packages/py/citry_core/citry_core/template_parser/compile.py	clean	2431	4374b259be9bb7ac0ba60f6a1f18476b7007347c67bbf30e28817fef6c47b000
DC1-20260726T101722Z-9d1a8636	toolchain	packages/py/citry_core/citry_core/template_parser/parse.py	clean	1575	f466f9c7ff0bd2320d19e8f2a0be9cd829b5795aa3b7e2e35016d9f44742765f
DC1-20260726T101722Z-9d1a8636	toolchain	packages/py/citry_core/pyproject.toml	clean	2850	cfd837762160c6bc6cf3df5ca7252469326f0e8d0d49233ddf287f186c4f10e5
DC1-20260726T101722Z-9d1a8636	toolchain	packages/py/citry_core/uv.lock	clean	24663	0aefd2a8e27ed894d6c3cb0749ce9115506e58e9b696cdf30d71167afa0e70cf
DC1-20260726T101722Z-9d1a8636	toolchain	pyproject.toml	 M	14003	df2b56a48bd4814b36c6e60335fad8a25b22243d7e3abe1f253bbbeaa41c6458
DC1-20260726T101722Z-9d1a8636	toolchain	rust-toolchain.toml	clean	363	d37187b818f57946fb729ba05bf320cbfd972454cfb51400e404b4c708f7e54f
DC1-20260726T101722Z-9d1a8636	toolchain	uv.lock	clean	491251	9ea70f66165a63f9a5947d4b2d72d93ae7b95ddb27129898b62ec03835ee322c
DC1-20260726T101722Z-9d1a8636	content	docs_site/content/blog/index.md	untracked	326	cddf5222eee0a86d19a9220e7ebe92aaf35bc6abdb8d89e9e69eb4d2883a0ec1
DC1-20260726T101722Z-9d1a8636	generated_surface	docs_site/_internal/blog.py	untracked	29903	775b2fd433b306251df20b02bdc329726e992434c04eb30ad2a872ec8b571ac3
DC1-20260726T101722Z-9d1a8636	generated_surface	docs_site/_internal/components/blog.py	untracked	3140	02a4018e3dd734cb3376047b298874789b9748dc179d0a5e987beab3d3d13a1f
DC1-20260726T101722Z-9d1a8636	generated_surface	docs_site/_internal/guards/blog.py	untracked	937	2457b50729ffd80c8b62ed0b0597116aa55ec6cbe797e932534c44ae4ffffbce
DC1-20260726T101722Z-9d1a8636	generated_surface	docs_site/_internal/guards/blog_feed.py	untracked	3335	841c54404d90bc3629daa8b3601fe27849a2fd8969d2777cd0ea7f7059526f1d
DC1-20260726T101722Z-9d1a8636	generated_surface	docs_site/_internal/site_nav.py	untracked	2572	23f1d894f754964344f1f0afaa39d3f4360d29c0683e39378c262bb4c12110f3
DC1-20260726T101722Z-9d1a8636	test_guard	docs_site/tests/test_blog.py	untracked	20533	51d23de1df32cbb8a810fb66e836b8fc9910787519fad8fbc35a6cdffacae3fd
DC1-20260726T101722Z-9d1a8636	test_guard	docs_site/tests/test_blog_component.py	untracked	2585	d60df8229a1ab676a0eff14b8a2a031b0013bf1a5d946bbdcc03e273504f4621
