baseline	fact_id	assertion	reader_jobs	surfaces	applicability	source_locators	test_locators	evidence_level	confidence	prerequisites	supported_context	security_implications	successful_outcome	failure_behavior	canonical_owner	supporting_links	example_requirement	status	notes
DC3-20260726T131933Z-6ad74ee1	FACT-001	Plain nested Kwargs and Slots declarations on a concrete Component become slotted dataclass schemas; fields without defaults are required and fields with defaults are optional.	JOB-002;JOB-018	docs;reference	current	packages/py/citry/citry/component.py::ComponentMeta.__new__	packages/py/citry/tests/test_component.py::TestComponentFields.test_kwargs_auto_dataclass;packages/py/citry/tests/test_component.py::TestComponentFields.test_slots_auto_dataclass;packages/py/citry/tests/test_component.py::TestComponentFields.test_auto_dataclass_has_slots	verified_implementation	high	A concrete Component subclass using plain nested schema classes.	Current Python package and supported plain-schema adapter.	none identified	The generated schemas expose the declared fields through attributes and enforce required/default shape.	A missing required field or unexpected field raises TypeError when inputs are finalized.	/reference/component/#citry-component-kwargs	/concepts/typing-and-validation/	supporting	authored	The tutorial demonstrates one required field in each schema.
DC3-20260726T131933Z-6ad74ee1	FACT-002	Annotations on a plain Kwargs or Slots schema describe intended Python types but do not validate runtime value types.	JOB-002;JOB-003	docs;examples	current	packages/py/citry/citry/component.py::Component._finalize_inputs	packages/py/citry/tests/test_component.py::TestComponentFields.test_kwargs_auto_dataclass;docs_site/examples/card/test_example_card.py::test_plain_schema_annotation_does_not_validate_the_value_type	verified_implementation	high	A plain nested schema rather than a validating adapter.	Current Python package plain-schema path.	Do not rely on annotations alone at an untrusted input boundary.	A statically correct value flows through the declared field and renders.	A wrong-type value may be accepted; use a validating adapter when runtime type rejection is required.	/concepts/typing-and-validation/	/getting-started/your-first-component/#if-you-leave-something-out	required	authored	The recipe intentionally verifies numeric accent data is accepted structurally.
DC3-20260726T131933Z-6ad74ee1	FACT-003	Calling a Component class composes a CitryElement; rendering and input validation occur when render() or str() is called.	JOB-002;JOB-018	docs;examples;reference	current	packages/py/citry/citry/component.py::ComponentMeta.__call__;packages/py/citry/citry/citry_element.py::CitryElement.render;packages/py/citry/citry/citry_element.py::CitryElement.__str__	packages/py/citry/tests/test_component.py::TestComponentCall.test_calling_component_returns_citry_element;docs_site/examples/card/test_example_card.py::test_card_requires_its_accent_and_content	verified_implementation	high	A component class owned by a Citry instance.	Python composition and default serialization.	none identified	The call returns CitryElement and str(element) returns serialized HTML.	Input-shape and render errors surface during render or serialization rather than composition.	/getting-started/your-first-component/#render-it-from-python	/reference/rendering/#citry-citryelement	required	authored	none
DC3-20260726T131933Z-6ad74ee1	FACT-004	Component.template_data() returns kwargs by default, so a matching Kwargs field is available to the template without an override.	JOB-002;JOB-003	reference	current	packages/py/citry/citry/component.py::Component.template_data	packages/py/citry/tests/test_component.py::TestTemplateData.test_typed_kwargs_resolve_in_template_without_template_data	verified_implementation	high	The template variable name matches the Kwargs field and no custom mapping is needed.	Current component render path.	Template variables remain server-side unless explicitly passed to browser data APIs.	The template resolves a declared input with no template_data override.	An override replaces the default mapping and must return every variable its template needs.	/reference/component/#citry-component-template-data	none	none	authored	This implementation detail is intentionally kept out of the first Card tutorial because the reader does not need it to complete the task.
DC3-20260726T131933Z-6ad74ee1	FACT-005	A declared Kwargs schema rejects missing and unexpected field names when a directly composed element renders.	JOB-002;JOB-003;JOB-004	docs;examples;reference	current	packages/py/citry/citry/component.py::Component._finalize_inputs	packages/py/citry/tests/test_component.py::TestKwargsRenderValidation.test_missing_required_kwarg_raises;packages/py/citry/tests/test_component.py::TestKwargsRenderValidation.test_unexpected_kwarg_raises;docs_site/examples/card/test_example_card.py::test_card_requires_its_accent_and_content	verified_implementation	high	A closed declared Kwargs schema and direct Python composition.	Current Python package render path.	Field-name rejection reduces accidental undeclared input, but does not validate value trust.	Every required field is present and no unexpected field reaches the component.	Missing or unexpected fields raise a wrapped TypeError during render.	/getting-started/your-first-component/#if-you-leave-something-out	/reference/component/#citry-component-kwargs	required	authored	none
DC3-20260726T131933Z-6ad74ee1	FACT-006	Python callers pass slot fills through slots={...}; values normalize to Slot objects, and a Slots field without a default is required.	JOB-002;JOB-003;JOB-004	docs;examples;reference	current	packages/py/citry/citry/component.py::Component._finalize_inputs;packages/py/citry/citry/slots.py::normalize_slot_fills;packages/py/citry/citry/slots.py::Slot	packages/py/citry/tests/test_slots.py::TestNormalizeSlotFills.test_string_becomes_slot;packages/py/citry/tests/test_slots.py::TestSlotConstruction.test_string_contents_are_escaped;docs_site/examples/card/test_example_card.py::test_card_accepts_one_typed_input_and_one_default_slot;docs_site/examples/card/test_example_card.py::test_card_requires_its_accent_and_content	verified_implementation	high	The slot key matches a field in the declared Slots schema.	Direct Python composition and template-authored fills.	Plain string slot content is HTML-escaped when normalized.	The default fill renders at the component's c-slot outlet.	A missing required schema field or unknown slot name raises TypeError during render.	/reference/slots/#citry-slotinput	/getting-started/adding-slots/	required	authored	Schema-required supply is distinct from the required attribute on an outlet.
DC3-20260726T131933Z-6ad74ee1	FACT-007	A statically authored component tag is checked against registered Kwargs and Slots rules when its parent template is first compiled.	JOB-002;JOB-003	docs;examples	current	packages/py/citry/citry/tag_rules.py::build_tag_rules;packages/py/citry/citry/tag_rules.py::_component_tag_rules	packages/py/citry/tests/test_tag_rules.py::TestKwargsValidation.test_missing_required_kwarg_fails_at_parse;packages/py/citry/tests/test_tag_rules.py::TestSlotsValidation.test_missing_required_slot_fails_at_parse;docs_site/examples/card/test_example_card.py::test_card_example_page_renders	verified_implementation	high	The child is registered before the parent template's lazy first compile and names are statically knowable.	Static component attributes and fills in Citry templates.	Early shape checks reduce accidental undeclared inputs; dynamic spreads defer relevant checks.	The CardPage template compiles with one accent and one default body fill.	A missing required static input or fill raises SyntaxError during lazy template compilation.	/concepts/typing-and-validation/	/getting-started/your-first-component/	supporting	authored	The minimal tutorial uses Python for failure examples and links to the detailed validation explanation.
DC3-20260726T131933Z-6ad74ee1	FACT-009	Values returned from css_data() become CSS custom properties selected by a data-ccss hash marker on that rendered component's root elements.	JOB-002;JOB-003;JOB-004	docs;examples;reference	current	packages/py/citry/citry/component.py::Component.css_data;packages/py/citry/citry/ext/dependencies/scripts.py::_cache_component_css_vars_capture	packages/py/citry/tests/test_deps_vars.py::TestCssVars.test_stylesheet_and_root_marker_match;packages/py/citry/tests/test_deps_vars.py::TestCssVars.test_identical_css_data_shares_hash_markers_and_stylesheet;packages/py/citry/tests/test_deps_vars.py::TestCssVars.test_distinct_css_data_gets_distinct_scoped_stylesheets;docs_site/examples/card/test_example_card.py::test_card_accepts_one_typed_input_and_one_default_slot	verified_implementation	high	The component has nonblank CSS and returns nonempty valid CSS data.	Default dependencies extension in documents and supported fragments.	CSS data keys and values pass structural containment checks before emission.	Two accents produce distinct marker hashes and each card resolves its own --accent value.	Invalid CSS data raises during dependency collection; no nonblank component CSS means the data is not delivered.	/reference/component/#citry-component-css-data	/advanced/js-and-css-dependencies/#pass-per-instance-data-with-js-data-and-css-data	required	authored	This is the shipped instance-scoped behavior used by the pilot.
DC3-20260726T131933Z-6ad74ee1	FACT-010	Default document serialization places collected component CSS at c-css, otherwise before the document head closes, otherwise before the rendered markup.	JOB-002;JOB-003	docs;examples;reference	current	packages/py/citry/citry/citry_render.py::CitryRender.serialize;packages/py/citry/citry/ext/dependencies/emission.py::emit_dependencies;packages/py/citry/citry/ext/dependencies/emission.py::_insert_default	packages/py/citry/tests/test_deps_emission.py::TestDocumentEmission.test_js_and_css_land_in_default_locations;docs_site/examples/card/test_example_card.py::test_card_example_page_renders	verified_implementation	high	A render carries component CSS and dependency serialization is not ignore.	Default document strategy with smart placement.	Generated style content applies under the normal browser CSS trust boundary.	The complete CardPage places styles in its head at c-css; a standalone Card string begins with styles.	The ignore strategy suppresses assets; absent placement tags use documented fallback positions.	/reference/rendering/#citry-citryrender-serialize	/getting-started/your-first-component/#render-it-from-python	supporting	authored	The tutorial's abridged output includes the standalone placement shape.
